2024-01-26 15:56:53,After connectionMade,16.5,73.1
2024-01-26 15:56:53,After connectionMade,100.0,73.1
2024-01-26 15:56:53,After connectionMade,50.0,73.1
2024-01-26 15:56:53,After connectionMade,0.0,73.1
2024-01-26 15:56:53,After connectionMade,0.0,73.1
2024-01-26 15:56:53,After connectionMade,0.0,73.1
2024-01-26 15:56:53,After connectionMade,66.7,73.1
2024-01-26 15:56:53,After connectionMade,0.0,73.1
2024-01-26 15:56:53,After connectionMade,0.0,73.1
2024-01-26 15:56:53,After connectionMade,0.0,73.1
2024-01-26 15:56:53,After connectionMade,0.0,73.1
2024-01-26 15:56:53,After connectionMade,0.0,73.1
2024-01-26 15:56:53,After connectionMade,0.0,73.1
2024-01-26 15:56:53,After connectionMade,0.0,73.1
2024-01-26 15:56:53,After connectionMade,0.0,73.1
2024-01-26 15:56:53,After connectionMade,0.0,73.1
2024-01-26 15:56:53,After connectionMade,0.0,73.1
2024-01-26 15:56:53,After connectionMade,0.0,73.1
2024-01-26 15:56:53,After connectionMade,0.0,73.1
2024-01-26 15:56:53,After connectionMade,0.0,73.1
2024-01-26 15:56:53,After connectionMade,0.0,73.1
2024-01-26 15:56:53,After connectionMade,0.0,73.1
2024-01-26 15:56:53,After connectionMade,0.0,73.1
2024-01-26 15:56:53,After connectionMade,0.0,73.1
2024-01-26 15:56:53,After connectionMade,0.0,73.1
2024-01-26 15:56:53,After connectionMade,0.0,73.1
2024-01-26 15:56:53,After connectionMade,0.0,73.1
2024-01-26 15:56:53,After connectionMade,0.0,73.1
2024-01-26 15:56:53,After connectionMade,0.0,73.1
2024-01-26 15:56:53,After connectionMade,0.0,73.1
2024-01-26 15:56:53,After connectionMade,0.0,73.1
2024-01-26 15:56:53,After connectionMade,0.0,73.1
2024-01-26 15:56:53,After connectionMade,0.0,73.1
2024-01-26 15:56:53,After connectionMade,0.0,73.1
2024-01-26 15:56:53,After connectionMade,0.0,73.1
2024-01-26 15:56:53,After connectionMade,0.0,73.1
2024-01-26 15:56:53,After connectionMade,0.0,73.1
2024-01-26 15:56:53,After connectionMade,0.0,73.1
2024-01-26 15:56:53,After connectionMade,0.0,73.1
2024-01-26 15:56:53,After connectionMade,0.0,73.1
2024-01-26 15:56:53,After connectionMade,0.0,73.1
2024-01-26 15:56:53,After connectionMade,0.0,73.1
2024-01-26 15:56:53,After connectionMade,0.0,73.1
2024-01-26 15:56:53,After connectionMade,0.0,73.1
2024-01-26 15:56:53,After connectionMade,0.0,73.1
2024-01-26 15:56:53,After connectionMade,0.0,73.1
2024-01-26 15:56:53,After connectionMade,0.0,73.1
2024-01-26 15:56:53,After connectionMade,0.0,73.1
2024-01-26 15:56:53,After connectionMade,0.0,73.1
2024-01-26 15:56:53,After connectionMade,0.0,73.1
2024-01-26 15:56:53,After connectionMade,0.0,73.1
2024-01-26 15:56:53,After connectionMade,0.0,73.1
2024-01-26 15:56:53,After connectionMade,0.0,73.1
2024-01-26 15:56:53,After connectionMade,0.0,73.1
2024-01-26 15:56:53,After connectionMade,0.0,73.1
2024-01-26 15:56:53,After connectionMade,0.0,73.1
2024-01-26 15:56:53,After connectionMade,0.0,73.1
2024-01-26 15:56:53,After connectionMade,46.7,73.1
2024-01-26 15:56:53,After connectionMade,0.0,73.1
2024-01-26 15:56:53,After connectionMade,0.0,73.1
2024-01-26 15:56:53,After connectionMade,0.0,73.1
2024-01-26 15:56:53,After connectionMade,0.0,73.1
2024-01-26 15:56:53,After connectionMade,0.0,73.1
2024-01-26 15:56:53,After connectionMade,0.0,73.1
2024-01-26 15:56:53,After connectionMade,0.0,73.1
2024-01-26 15:56:53,After connectionMade,0.0,73.1
2024-01-26 15:56:53,After connectionMade,0.0,73.1
2024-01-26 15:56:53,After connectionMade,0.0,73.1
2024-01-26 15:56:53,After connectionMade,0.0,73.1
2024-01-26 15:56:53,After connectionMade,0.0,73.1
2024-01-26 15:56:53,After connectionMade,0.0,73.1
2024-01-26 15:56:53,After connectionMade,0.0,73.1
2024-01-26 15:56:53,After connectionMade,0.0,73.1
2024-01-26 15:56:53,After connectionMade,0.0,73.1
2024-01-26 15:56:53,After connectionMade,0.0,73.1
2024-01-26 15:56:53,After connectionMade,0.0,73.1
2024-01-26 15:56:53,After connectionMade,0.0,73.1
2024-01-26 15:56:53,After connectionMade,0.0,73.1
2024-01-26 15:56:53,After connectionMade,0.0,73.1
2024-01-26 15:56:53,After connectionMade,0.0,73.1
2024-01-26 15:56:53,After connectionMade,0.0,73.1
2024-01-26 15:56:53,After connectionMade,0.0,73.1
2024-01-26 15:56:53,After connectionMade,0.0,73.1
2024-01-26 15:56:53,After connectionMade,0.0,73.1
2024-01-26 15:56:53,After connectionMade,0.0,73.1
2024-01-26 15:56:53,After connectionMade,0.0,73.1
2024-01-26 15:56:53,After connectionMade,0.0,73.1
2024-01-26 15:56:53,After connectionMade,0.0,73.1
2024-01-26 15:56:53,After connectionMade,0.0,73.1
2024-01-26 15:56:53,After connectionMade,0.0,73.1
2024-01-26 15:56:53,After connectionMade,0.0,73.1
2024-01-26 15:56:53,After connectionMade,0.0,73.1
2024-01-26 15:56:53,After connectionMade,0.0,73.1
2024-01-26 15:56:54,After connectionMade,0.0,73.1
2024-01-26 15:56:54,After connectionMade,0.0,73.1
2024-01-26 15:56:54,After connectionMade,0.0,73.1
2024-01-26 15:56:54,After connectionMade,0.0,73.1
2024-01-26 15:56:54,After connectionMade,0.0,73.1
2024-01-26 15:56:54,After connectionMade,0.0,73.1
2024-01-26 15:56:54,After connectionMade,0.0,73.1
2024-01-26 15:56:54,After connectionMade,0.0,73.1
2024-01-26 15:56:54,After connectionMade,0.0,73.1
2024-01-26 15:56:54,After connectionMade,0.0,73.1
2024-01-26 15:56:54,After connectionMade,0.0,73.1
2024-01-26 15:56:54,After connectionMade,0.0,73.1
2024-01-26 15:56:54,After connectionMade,0.0,73.1
2024-01-26 15:56:54,After connectionMade,0.0,73.1
2024-01-26 15:56:54,After connectionMade,0.0,73.1
2024-01-26 15:56:54,After connectionMade,0.0,73.1
2024-01-26 15:56:54,After connectionMade,0.0,73.1
2024-01-26 15:56:54,After connectionMade,0.0,73.1
2024-01-26 15:56:54,After connectionMade,0.0,73.1
2024-01-26 15:56:54,After connectionMade,0.0,73.1
2024-01-26 15:56:54,After connectionMade,0.0,73.1
2024-01-26 15:56:54,After connectionMade,0.0,73.1
2024-01-26 15:56:54,After connectionMade,0.0,73.1
2024-01-26 15:56:54,After connectionMade,0.0,73.1
2024-01-26 15:56:54,After connectionMade,0.0,73.1
2024-01-26 15:56:54,After connectionMade,0.0,73.1
2024-01-26 15:56:54,After connectionMade,0.0,73.1
2024-01-26 15:56:54,After connectionMade,0.0,73.1
2024-01-26 15:56:54,After connectionMade,0.0,73.1
2024-01-26 15:56:54,After connectionMade,0.0,73.1
2024-01-26 15:56:54,After connectionMade,0.0,73.1
2024-01-26 15:56:54,After connectionMade,0.0,73.1
2024-01-26 15:56:54,After connectionMade,0.0,73.1
2024-01-26 15:56:54,After connectionMade,0.0,73.1
2024-01-26 15:56:54,After connectionMade,0.0,73.1
2024-01-26 15:56:54,After connectionMade,0.0,73.1
2024-01-26 15:56:54,After connectionMade,0.0,73.1
2024-01-26 15:56:54,After connectionMade,0.0,73.1
2024-01-26 15:56:54,After connectionMade,0.0,73.1
2024-01-26 15:56:54,After connectionMade,0.0,73.1
2024-01-26 15:56:54,After connectionMade,0.0,73.1
2024-01-26 15:56:54,After connectionMade,0.0,73.1
2024-01-26 15:56:54,After connectionMade,0.0,73.1
2024-01-26 15:56:54,After connectionMade,0.0,73.1
2024-01-26 15:56:54,After connectionMade,0.0,73.1
2024-01-26 15:56:54,After connectionMade,0.0,73.1
2024-01-26 15:56:54,After connectionMade,0.0,73.1
2024-01-26 15:56:54,After connectionMade,0.0,73.1
2024-01-26 15:56:54,After connectionMade,0.0,73.1
2024-01-26 15:56:54,After connectionMade,0.0,73.1
2024-01-26 15:56:54,After connectionMade,0.0,73.1
2024-01-26 15:56:54,After connectionMade,0.0,73.1
2024-01-26 15:56:54,After connectionMade,0.0,73.1
2024-01-26 15:56:54,After connectionMade,0.0,73.1
2024-01-26 15:56:54,After connectionMade,0.0,73.1
2024-01-26 15:56:54,After connectionMade,0.0,73.1
2024-01-26 15:56:54,After connectionMade,0.0,73.1
2024-01-26 15:56:54,After connectionMade,0.0,73.1
2024-01-26 15:56:54,After connectionMade,0.0,73.1
2024-01-26 15:56:54,After connectionMade,0.0,73.1
2024-01-26 15:56:54,After connectionMade,0.0,73.1
2024-01-26 15:56:54,After connectionMade,0.0,73.1
2024-01-26 15:56:54,After connectionMade,0.0,73.1
2024-01-26 15:56:54,After connectionMade,0.0,73.1
2024-01-26 15:56:54,After connectionMade,0.0,73.1
2024-01-26 15:56:54,After connectionMade,0.0,73.1
2024-01-26 15:56:54,communicationWithDS401,0.0,73.1
2024-01-26 15:56:54,communicationWithDS401,0.0,73.1
2024-01-26 15:56:54,communicationWithDS401,0.0,73.1
2024-01-26 15:56:54,communicationWithDS401,0.0,73.1
2024-01-26 15:56:54,communicationWithDS401,0.0,73.1
2024-01-26 15:56:54,communicationWithDS401,0.0,73.1
2024-01-26 15:56:54,communicationWithDS401,0.0,73.1
2024-01-26 15:56:54,communicationWithDS401,0.0,73.1
2024-01-26 15:56:54,communicationWithDS401,0.0,73.1
2024-01-26 15:56:54,communicationWithDS401,0.0,73.1
2024-01-26 15:56:54,communicationWithDS401,0.0,73.1
2024-01-26 15:56:54,communicationWithDS401,0.0,73.1
2024-01-26 15:56:54,communicationWithDS401,0.0,73.1
2024-01-26 15:56:54,communicationWithDS401,0.0,73.1
2024-01-26 15:56:54,communicationWithDS401,0.0,73.1
2024-01-26 15:56:54,communicationWithDS401,0.0,73.1
2024-01-26 15:56:54,communicationWithDS401,0.0,73.1
2024-01-26 15:56:54,communicationWithDS401,0.0,73.1
2024-01-26 15:56:54,communicationWithDS401,0.0,73.1
2024-01-26 15:56:54,communicationWithDS401,0.0,73.1
2024-01-26 15:56:54,communicationWithDS401,0.0,73.1
2024-01-26 15:56:54,communicationWithDS401,0.0,73.1
2024-01-26 15:56:54,communicationWithDS401,0.0,73.1
2024-01-26 15:56:54,communicationWithDS401,0.0,73.1
2024-01-26 15:56:54,communicationWithDS401,0.0,73.1
2024-01-26 15:56:54,communicationWithDS401,0.0,73.1
2024-01-26 15:56:54,communicationWithDS401,0.0,73.1
2024-01-26 15:56:54,communicationWithDS401,0.0,73.1
2024-01-26 15:56:54,communicationWithDS401,0.0,73.1
2024-01-26 15:56:54,communicationWithDS401,0.0,73.1
2024-01-26 15:56:54,communicationWithDS401,0.0,73.1
2024-01-26 15:56:54,communicationWithDS401,0.0,73.1
2024-01-26 15:56:54,communicationWithDS401,0.0,73.1
2024-01-26 15:56:54,communicationWithDS401,0.0,73.1
2024-01-26 15:56:54,communicationWithDS401,0.0,73.1
2024-01-26 15:56:54,communicationWithDS401,0.0,73.1
2024-01-26 15:56:54,communicationWithDS401,0.0,73.1
2024-01-26 15:56:54,communicationWithDS401,0.0,73.1
2024-01-26 15:56:54,communicationWithDS401,0.0,73.1
2024-01-26 15:56:54,communicationWithDS401,0.0,73.1
2024-01-26 15:56:54,communicationWithDS401,0.0,73.1
2024-01-26 15:56:54,communicationWithDS401,0.0,73.1
2024-01-26 15:56:54,communicationWithDS401,0.0,73.1
2024-01-26 15:56:54,communicationWithDS401,0.0,73.1
2024-01-26 15:56:54,communicationWithDS401,0.0,73.1
2024-01-26 15:56:54,communicationWithDS401,0.0,73.1
2024-01-26 15:56:54,communicationWithDS401,0.0,73.1
2024-01-26 15:56:54,communicationWithDS401,0.0,73.1
2024-01-26 15:56:54,communicationWithDS401,0.0,73.1
2024-01-26 15:56:54,communicationWithDS401,0.0,73.1
2024-01-26 15:56:54,communicationWithDS401,0.0,73.1
2024-01-26 15:56:54,communicationWithDS401,0.0,73.1
2024-01-26 15:56:54,communicationWithDS401,0.0,73.1
2024-01-26 15:56:54,communicationWithDS401,0.0,73.1
2024-01-26 15:56:54,communicationWithDS401,0.0,73.1
2024-01-26 15:56:54,communicationWithDS401,0.0,73.1
2024-01-26 15:56:54,communicationWithDS401,0.0,73.1
2024-01-26 15:56:54,communicationWithDS401,0.0,73.1
2024-01-26 15:56:54,communicationWithDS401,0.0,73.1
2024-01-26 15:56:54,communicationWithDS401,0.0,73.1
2024-01-26 15:56:54,communicationWithDS401,0.0,73.1
2024-01-26 15:56:54,communicationWithDS401,0.0,73.1
2024-01-26 15:56:54,communicationWithDS401,0.0,73.1
2024-01-26 15:56:54,communicationWithDS401,0.0,73.1
2024-01-26 15:56:54,communicationWithDS401,0.0,73.1
2024-01-26 15:56:54,communicationWithDS401,0.0,73.1
2024-01-26 15:57:47,After connectionMade,21.8,73.1
2024-01-26 15:57:47,After connectionMade,100.0,73.1
2024-01-26 15:57:47,After connectionMade,100.0,73.1
2024-01-26 15:57:47,After connectionMade,100.0,73.1
2024-01-26 15:57:47,After connectionMade,100.0,73.1
2024-01-26 15:57:47,After connectionMade,75.0,73.1
2024-01-26 15:57:47,After connectionMade,0.0,73.1
2024-01-26 15:57:47,After connectionMade,0.0,73.1
2024-01-26 15:57:47,After connectionMade,0.0,73.1
2024-01-26 15:57:47,After connectionMade,0.0,73.1
2024-01-26 15:57:47,After connectionMade,0.0,73.1
2024-01-26 15:57:47,After connectionMade,0.0,73.1
2024-01-26 15:57:47,After connectionMade,0.0,73.1
2024-01-26 15:57:47,After connectionMade,0.0,73.1
2024-01-26 15:57:47,After connectionMade,0.0,73.1
2024-01-26 15:57:47,After connectionMade,0.0,73.1
2024-01-26 15:57:47,After connectionMade,0.0,73.1
2024-01-26 15:57:47,After connectionMade,0.0,73.1
2024-01-26 15:57:47,After connectionMade,0.0,73.1
2024-01-26 15:57:47,After connectionMade,0.0,73.1
2024-01-26 15:57:47,After connectionMade,0.0,73.1
2024-01-26 15:57:47,After connectionMade,0.0,73.1
2024-01-26 15:57:47,After connectionMade,0.0,73.1
2024-01-26 15:57:47,After connectionMade,0.0,73.1
2024-01-26 15:57:47,After connectionMade,0.0,73.1
2024-01-26 15:57:47,After connectionMade,0.0,73.1
2024-01-26 15:57:47,After connectionMade,0.0,73.1
2024-01-26 15:57:47,After connectionMade,0.0,73.1
2024-01-26 15:57:47,After connectionMade,0.0,73.1
2024-01-26 15:57:47,After connectionMade,0.0,73.1
2024-01-26 15:57:47,After connectionMade,0.0,73.1
2024-01-26 15:57:47,After connectionMade,0.0,73.1
2024-01-26 15:57:47,After connectionMade,0.0,73.1
2024-01-26 15:57:47,After connectionMade,0.0,73.1
2024-01-26 15:57:47,After connectionMade,0.0,73.1
2024-01-26 15:57:47,After connectionMade,0.0,73.1
2024-01-26 15:57:47,After connectionMade,0.0,73.1
2024-01-26 15:57:47,After connectionMade,0.0,73.1
2024-01-26 15:57:47,After connectionMade,0.0,73.1
2024-01-26 15:57:47,After connectionMade,0.0,73.1
2024-01-26 15:57:47,After connectionMade,0.0,73.1
2024-01-26 15:57:47,After connectionMade,0.0,73.1
2024-01-26 15:57:47,After connectionMade,43.1,73.1
2024-01-26 15:57:47,After connectionMade,50.0,73.1
2024-01-26 15:57:47,After connectionMade,100.0,73.1
2024-01-26 15:57:47,After connectionMade,50.0,73.1
2024-01-26 15:57:47,After connectionMade,100.0,73.1
2024-01-26 15:57:47,After connectionMade,0.0,73.1
2024-01-26 15:57:47,After connectionMade,0.0,73.1
2024-01-26 15:57:47,After connectionMade,0.0,73.1
2024-01-26 15:57:47,After connectionMade,0.0,73.1
2024-01-26 15:57:47,After connectionMade,0.0,73.1
2024-01-26 15:57:47,After connectionMade,0.0,73.1
2024-01-26 15:57:47,After connectionMade,0.0,73.1
2024-01-26 15:57:47,After connectionMade,0.0,73.1
2024-01-26 15:57:47,After connectionMade,0.0,73.1
2024-01-26 15:57:47,After connectionMade,0.0,73.1
2024-01-26 15:57:47,After connectionMade,0.0,73.1
2024-01-26 15:57:47,After connectionMade,0.0,73.1
2024-01-26 15:57:48,After connectionMade,0.0,73.1
2024-01-26 15:57:48,After connectionMade,0.0,73.1
2024-01-26 15:57:48,After connectionMade,0.0,73.1
2024-01-26 15:57:48,After connectionMade,0.0,73.1
2024-01-26 15:57:48,After connectionMade,0.0,73.1
2024-01-26 15:57:48,After connectionMade,0.0,73.1
2024-01-26 15:57:48,After connectionMade,0.0,73.1
2024-01-26 15:57:48,After connectionMade,0.0,73.1
2024-01-26 15:57:48,After connectionMade,0.0,73.1
2024-01-26 15:57:48,After connectionMade,0.0,73.1
2024-01-26 15:57:48,After connectionMade,0.0,73.1
2024-01-26 15:57:48,After connectionMade,0.0,73.1
2024-01-26 15:57:48,After connectionMade,0.0,73.1
2024-01-26 15:57:48,After connectionMade,0.0,73.1
2024-01-26 15:57:48,After connectionMade,0.0,73.1
2024-01-26 15:57:48,After connectionMade,0.0,73.1
2024-01-26 15:57:48,After connectionMade,0.0,73.1
2024-01-26 15:57:48,After connectionMade,0.0,73.1
2024-01-26 15:57:48,After connectionMade,0.0,73.1
2024-01-26 15:57:48,After connectionMade,0.0,73.1
2024-01-26 15:57:48,After connectionMade,0.0,73.1
2024-01-26 15:57:48,After connectionMade,0.0,73.1
2024-01-26 15:57:48,After connectionMade,0.0,73.1
2024-01-26 15:57:48,After connectionMade,0.0,73.1
2024-01-26 15:57:48,After connectionMade,0.0,73.1
2024-01-26 15:57:48,After connectionMade,0.0,73.1
2024-01-26 15:57:48,After connectionMade,0.0,73.1
2024-01-26 15:57:48,After connectionMade,0.0,73.1
2024-01-26 15:57:48,After connectionMade,0.0,73.1
2024-01-26 15:57:48,After connectionMade,0.0,73.1
2024-01-26 15:57:48,After connectionMade,0.0,73.1
2024-01-26 15:57:48,After connectionMade,0.0,73.1
2024-01-26 15:57:48,After connectionMade,0.0,73.1
2024-01-26 15:57:48,After connectionMade,0.0,73.1
2024-01-26 15:57:48,After connectionMade,0.0,73.1
2024-01-26 15:57:48,After connectionMade,0.0,73.1
2024-01-26 15:57:48,After connectionMade,0.0,73.1
2024-01-26 15:57:48,After connectionMade,0.0,73.1
2024-01-26 15:57:48,After connectionMade,0.0,73.1
2024-01-26 15:57:48,After connectionMade,0.0,73.1
2024-01-26 15:57:48,After connectionMade,0.0,73.1
2024-01-26 15:57:48,After connectionMade,0.0,73.1
2024-01-26 15:57:48,After connectionMade,0.0,73.1
2024-01-26 15:57:48,After connectionMade,0.0,73.1
2024-01-26 15:57:48,After connectionMade,0.0,73.1
2024-01-26 15:57:48,After connectionMade,0.0,73.1
2024-01-26 15:57:48,After connectionMade,0.0,73.1
2024-01-26 15:57:48,After connectionMade,0.0,73.1
2024-01-26 15:57:48,After connectionMade,0.0,73.1
2024-01-26 15:57:48,After connectionMade,0.0,73.1
2024-01-26 15:57:48,After connectionMade,0.0,73.1
2024-01-26 15:57:48,After connectionMade,0.0,73.1
2024-01-26 15:57:48,After connectionMade,0.0,73.1
2024-01-26 15:57:48,After connectionMade,0.0,73.1
2024-01-26 15:57:48,After connectionMade,0.0,73.1
2024-01-26 15:57:48,After connectionMade,0.0,73.1
2024-01-26 15:57:48,After connectionMade,0.0,73.1
2024-01-26 15:57:48,After connectionMade,0.0,73.1
2024-01-26 15:57:48,After connectionMade,0.0,73.1
2024-01-26 15:57:48,After connectionMade,0.0,73.1
2024-01-26 15:57:48,After connectionMade,0.0,73.1
2024-01-26 15:57:48,After connectionMade,0.0,73.1
2024-01-26 15:57:48,After connectionMade,0.0,73.1
2024-01-26 15:57:48,After connectionMade,0.0,73.1
2024-01-26 15:57:48,After connectionMade,0.0,73.1
2024-01-26 15:57:48,After connectionMade,0.0,73.1
2024-01-26 15:57:48,After connectionMade,0.0,73.1
2024-01-26 15:57:48,After connectionMade,0.0,73.1
2024-01-26 15:57:48,After connectionMade,0.0,73.1
2024-01-26 15:57:48,After connectionMade,0.0,73.1
2024-01-26 15:57:48,After connectionMade,0.0,73.1
2024-01-26 15:57:48,After connectionMade,0.0,73.1
2024-01-26 15:57:48,After connectionMade,0.0,73.1
2024-01-26 15:57:48,After connectionMade,0.0,73.1
2024-01-26 15:57:48,After connectionMade,0.0,73.1
2024-01-26 15:57:48,After connectionMade,0.0,73.1
2024-01-26 15:57:48,After connectionMade,0.0,73.1
2024-01-26 15:57:48,After connectionMade,0.0,73.1
2024-01-26 15:57:48,After connectionMade,0.0,73.1
2024-01-26 15:57:48,After connectionMade,0.0,73.1
2024-01-26 15:57:48,After connectionMade,0.0,73.1
2024-01-26 15:57:48,After connectionMade,0.0,73.1
2024-01-26 15:57:48,After connectionMade,0.0,73.1
2024-01-26 15:57:48,After connectionMade,0.0,73.1
2024-01-26 15:57:48,After connectionMade,0.0,73.1
2024-01-26 15:57:48,After connectionMade,0.0,73.1
2024-01-26 15:57:48,After connectionMade,0.0,73.1
2024-01-26 15:57:48,After connectionMade,0.0,73.1
2024-01-26 15:57:48,After connectionMade,0.0,73.1
2024-01-26 15:57:48,After connectionMade,0.0,73.1
2024-01-26 15:57:48,After connectionMade,0.0,73.1
2024-01-26 15:57:48,After connectionMade,0.0,73.1
2024-01-26 15:57:48,After connectionMade,0.0,73.1
2024-01-26 15:57:48,After connectionMade,0.0,73.1
2024-01-26 15:57:48,After connectionMade,0.0,73.1
2024-01-26 15:57:48,After connectionMade,0.0,73.1
2024-01-26 15:57:49,After connectionMade,41.9,73.7
2024-01-26 15:57:49,After connectionMade,0.0,73.7
2024-01-26 15:57:49,After connectionMade,0.0,73.7
2024-01-26 15:57:49,After connectionMade,0.0,73.7
2024-01-26 15:57:49,After connectionMade,0.0,73.7
2024-01-26 15:57:49,After connectionMade,0.0,73.6
2024-01-26 15:57:49,After connectionMade,0.0,73.6
2024-01-26 15:57:49,After connectionMade,0.0,73.6
2024-01-26 15:57:49,After connectionMade,0.0,73.6
2024-01-26 15:57:49,After connectionMade,0.0,73.6
2024-01-26 15:57:49,After connectionMade,0.0,73.6
2024-01-26 15:57:49,After connectionMade,0.0,73.6
2024-01-26 15:57:49,After connectionMade,0.0,73.6
2024-01-26 15:57:49,After connectionMade,0.0,73.6
2024-01-26 15:57:49,After connectionMade,0.0,73.6
2024-01-26 15:57:49,After connectionMade,0.0,73.6
2024-01-26 15:57:49,After connectionMade,0.0,73.6
2024-01-26 15:57:49,After connectionMade,0.0,73.6
2024-01-26 15:57:49,After connectionMade,0.0,73.6
2024-01-26 15:57:49,After connectionMade,0.0,73.6
2024-01-26 15:57:49,After connectionMade,0.0,73.6
2024-01-26 15:57:49,After connectionMade,0.0,73.6
2024-01-26 15:57:49,After connectionMade,0.0,73.6
2024-01-26 15:57:49,After connectionMade,0.0,73.6
2024-01-26 15:57:49,After connectionMade,0.0,73.6
2024-01-26 15:57:49,After connectionMade,0.0,73.6
2024-01-26 15:57:49,After connectionMade,0.0,73.6
2024-01-26 15:57:49,After connectionMade,0.0,73.6
2024-01-26 15:57:49,After connectionMade,0.0,73.6
2024-01-26 15:57:49,After connectionMade,0.0,73.6
2024-01-26 15:57:49,After connectionMade,0.0,73.6
2024-01-26 15:57:49,After connectionMade,0.0,73.6
2024-01-26 15:57:49,After connectionMade,0.0,73.6
2024-01-26 15:57:49,After connectionMade,0.0,73.6
2024-01-26 15:57:49,After connectionMade,0.0,73.6
2024-01-26 15:57:49,After connectionMade,0.0,73.6
2024-01-26 15:57:49,After connectionMade,0.0,73.6
2024-01-26 15:57:49,After connectionMade,0.0,73.6
2024-01-26 15:57:49,After connectionMade,0.0,73.6
2024-01-26 15:57:49,After connectionMade,0.0,73.6
2024-01-26 15:57:49,After connectionMade,0.0,73.6
2024-01-26 15:57:49,After connectionMade,0.0,73.6
2024-01-26 15:57:49,After connectionMade,0.0,73.6
2024-01-26 15:57:49,After connectionMade,0.0,73.6
2024-01-26 15:57:49,After connectionMade,0.0,73.6
2024-01-26 15:57:49,After connectionMade,0.0,73.6
2024-01-26 15:57:49,After connectionMade,0.0,73.6
2024-01-26 15:57:49,After connectionMade,0.0,73.6
2024-01-26 15:57:49,After connectionMade,0.0,73.6
2024-01-26 15:57:49,After connectionMade,0.0,73.6
2024-01-26 15:57:49,After connectionMade,0.0,73.6
2024-01-26 15:57:49,After connectionMade,0.0,73.6
2024-01-26 15:57:49,After connectionMade,0.0,73.6
2024-01-26 15:57:49,After connectionMade,0.0,73.6
2024-01-26 15:57:49,After connectionMade,0.0,73.6
2024-01-26 15:57:49,After connectionMade,0.0,73.6
2024-01-26 15:57:49,After connectionMade,0.0,73.6
2024-01-26 15:57:49,After connectionMade,0.0,73.6
2024-01-26 15:57:49,After connectionMade,0.0,73.6
2024-01-26 15:57:49,After connectionMade,0.0,73.6
2024-01-26 15:57:49,After connectionMade,0.0,73.6
2024-01-26 15:57:49,After connectionMade,0.0,73.6
2024-01-26 15:57:49,After connectionMade,0.0,73.6
2024-01-26 15:57:49,After connectionMade,0.0,73.6
2024-01-26 15:57:49,After connectionMade,0.0,73.6
2024-01-26 15:57:49,After connectionMade,0.0,73.6
2024-01-26 15:57:49,After connectionMade,0.0,73.6
2024-01-26 15:57:49,After connectionMade,0.0,73.6
2024-01-26 15:57:49,After connectionMade,0.0,73.6
2024-01-26 15:57:49,After connectionMade,0.0,73.6
2024-01-26 15:57:49,After connectionMade,0.0,73.6
2024-01-26 15:57:49,After connectionMade,0.0,73.6
2024-01-26 15:57:49,After connectionMade,0.0,73.6
2024-01-26 15:57:49,After connectionMade,0.0,73.6
2024-01-26 15:57:49,After connectionMade,0.0,73.6
2024-01-26 15:57:49,After connectionMade,0.0,73.6
2024-01-26 15:57:49,After connectionMade,0.0,73.6
2024-01-26 15:57:49,After connectionMade,0.0,73.6
2024-01-26 15:57:49,After connectionMade,0.0,73.6
2024-01-26 15:57:49,After connectionMade,0.0,73.6
2024-01-26 15:57:49,After connectionMade,0.0,73.6
2024-01-26 15:57:49,After connectionMade,0.0,73.6
2024-01-26 15:57:49,After connectionMade,0.0,73.6
2024-01-26 15:57:49,After connectionMade,0.0,73.6
2024-01-26 15:57:49,After connectionMade,0.0,73.6
2024-01-26 15:57:49,After connectionMade,0.0,73.6
2024-01-26 15:57:49,After connectionMade,0.0,73.6
2024-01-26 15:57:49,After connectionMade,0.0,73.6
2024-01-26 15:57:49,After connectionMade,0.0,73.6
2024-01-26 15:57:49,After connectionMade,0.0,73.6
2024-01-26 15:57:49,After connectionMade,0.0,73.6
2024-01-26 15:57:49,After connectionMade,0.0,73.6
2024-01-26 15:57:49,After connectionMade,0.0,73.6
2024-01-26 15:57:49,After connectionMade,0.0,73.6
2024-01-26 15:57:49,After connectionMade,0.0,73.6
2024-01-26 15:57:49,After connectionMade,0.0,73.6
2024-01-26 15:57:49,After connectionMade,0.0,73.6
2024-01-26 15:57:49,After connectionMade,0.0,73.6
2024-01-26 15:57:49,After connectionMade,0.0,73.6
2024-01-26 15:57:49,After connectionMade,0.0,73.6
2024-01-26 15:57:49,After connectionMade,0.0,73.6
2024-01-26 15:57:49,After connectionMade,0.0,73.6
2024-01-26 15:57:49,After connectionMade,0.0,73.6
2024-01-26 15:57:49,After connectionMade,0.0,73.6
2024-01-26 15:57:49,After connectionMade,0.0,73.6
2024-01-26 15:57:49,After connectionMade,0.0,73.6
2024-01-26 15:57:49,After connectionMade,0.0,73.6
2024-01-26 15:57:49,After connectionMade,0.0,73.6
2024-01-26 15:57:49,After connectionMade,0.0,73.6
2024-01-26 15:57:49,After connectionMade,0.0,73.6
2024-01-26 15:57:49,After connectionMade,0.0,73.6
2024-01-26 15:57:49,After connectionMade,0.0,73.6
2024-01-26 15:57:49,After connectionMade,0.0,73.6
2024-01-26 15:57:49,After connectionMade,0.0,73.6
2024-01-26 15:57:49,After connectionMade,0.0,73.6
2024-01-26 15:57:49,After connectionMade,0.0,73.6
2024-01-26 15:57:49,After connectionMade,0.0,73.6
2024-01-26 15:57:49,After connectionMade,0.0,73.6
2024-01-26 15:57:49,After connectionMade,0.0,73.6
2024-01-26 15:57:49,After connectionMade,0.0,73.6
2024-01-26 15:57:49,After connectionMade,0.0,73.6
2024-01-26 15:57:49,After connectionMade,0.0,73.6
2024-01-26 15:57:49,After connectionMade,0.0,73.6
2024-01-26 15:57:49,After connectionMade,0.0,73.6
2024-01-26 15:57:49,After connectionMade,0.0,73.6
2024-01-26 15:57:49,After connectionMade,0.0,73.6
2024-01-26 15:57:49,After connectionMade,0.0,73.6
2024-01-26 15:57:49,After connectionMade,0.0,73.6
2024-01-26 15:57:49,After connectionMade,0.0,73.6
2024-01-26 15:57:49,After connectionMade,0.0,73.6
2024-01-26 15:57:49,After connectionMade,0.0,73.6
2024-01-26 15:57:49,After connectionMade,0.0,73.6
2024-01-26 15:57:49,After connectionMade,0.0,73.6
2024-01-26 15:57:49,After connectionMade,0.0,73.6
2024-01-26 15:57:49,After connectionMade,0.0,73.6
2024-01-26 15:57:49,After connectionMade,0.0,73.6
2024-01-26 15:57:49,After connectionMade,0.0,73.6
2024-01-26 15:57:49,After connectionMade,0.0,73.6
2024-01-26 15:57:49,After connectionMade,0.0,73.6
2024-01-26 15:57:49,After connectionMade,0.0,73.6
2024-01-26 15:57:49,After connectionMade,0.0,73.6
2024-01-26 15:57:49,After connectionMade,0.0,73.6
2024-01-26 15:57:49,After connectionMade,0.0,73.6
2024-01-26 15:57:49,After connectionMade,0.0,73.6
2024-01-26 15:57:49,After connectionMade,0.0,73.6
2024-01-26 15:57:49,After connectionMade,0.0,73.6
2024-01-26 15:57:49,After connectionMade,0.0,73.6
2024-01-26 15:57:49,After connectionMade,0.0,73.6
2024-01-26 15:57:49,After connectionMade,0.0,73.6
2024-01-26 15:57:49,After connectionMade,0.0,73.6
2024-01-26 15:57:49,After connectionMade,0.0,73.6
2024-01-26 15:57:49,After connectionMade,0.0,73.6
2024-01-26 15:57:49,After connectionMade,0.0,73.6
2024-01-26 15:57:49,After connectionMade,0.0,73.6
2024-01-26 15:57:49,After connectionMade,0.0,73.6
2024-01-26 15:57:49,After connectionMade,0.0,73.6
2024-01-26 15:57:49,After connectionMade,0.0,73.6
2024-01-26 15:57:49,After connectionMade,0.0,73.6
2024-01-26 15:57:49,After connectionMade,0.0,73.6
2024-01-26 15:57:49,After connectionMade,0.0,73.6
2024-01-26 15:57:49,After connectionMade,0.0,73.6
2024-01-26 15:57:49,After connectionMade,0.0,73.6
2024-01-26 15:57:49,After connectionMade,0.0,73.6
2024-01-26 15:57:49,After connectionMade,0.0,73.6
2024-01-26 15:57:49,After connectionMade,0.0,73.6
2024-01-26 15:57:49,After connectionMade,0.0,73.6
2024-01-26 15:57:49,After connectionMade,0.0,73.6
2024-01-26 15:57:49,After connectionMade,0.0,73.6
2024-01-26 15:57:49,After connectionMade,0.0,73.6
2024-01-26 15:57:49,After connectionMade,0.0,73.6
2024-01-26 15:57:49,After connectionMade,0.0,73.6
2024-01-26 15:57:49,After connectionMade,0.0,73.6
2024-01-26 15:57:49,After connectionMade,0.0,73.6
2024-01-26 15:57:49,After connectionMade,0.0,73.6
2024-01-26 15:57:49,After connectionMade,0.0,73.6
2024-01-26 15:57:49,After connectionMade,0.0,73.6
2024-01-26 15:57:49,After connectionMade,0.0,73.6
2024-01-26 15:57:49,After connectionMade,0.0,73.6
2024-01-26 15:57:49,After connectionMade,0.0,73.6
2024-01-26 15:57:49,After connectionMade,0.0,73.6
2024-01-26 15:57:49,After connectionMade,0.0,73.6
2024-01-26 15:57:49,After connectionMade,0.0,73.6
2024-01-26 15:57:49,After connectionMade,0.0,73.6
2024-01-26 15:57:49,After connectionMade,0.0,73.6
2024-01-26 15:57:49,After connectionMade,0.0,73.6
2024-01-26 15:57:49,After connectionMade,0.0,73.6
2024-01-26 15:57:49,After connectionMade,0.0,73.6
2024-01-26 15:57:49,After connectionMade,0.0,73.6
2024-01-26 15:57:49,After connectionMade,0.0,73.6
2024-01-26 15:57:49,After connectionMade,0.0,73.6
2024-01-26 15:57:49,After connectionMade,0.0,73.6
2024-01-26 15:57:49,After connectionMade,0.0,73.6
2024-01-26 15:57:49,After connectionMade,0.0,73.6
2024-01-26 15:57:49,After connectionMade,0.0,73.6
2024-01-26 15:57:49,After connectionMade,0.0,73.6
2024-01-26 15:57:49,After connectionMade,0.0,73.6
2024-01-26 15:57:49,After connectionMade,0.0,73.6
2024-01-26 15:57:49,After connectionMade,0.0,73.6
2024-01-26 15:57:49,After connectionMade,0.0,73.6
2024-01-26 15:57:49,After connectionMade,0.0,73.6
2024-01-26 15:57:49,After connectionMade,0.0,73.6
2024-01-26 15:57:49,After connectionMade,0.0,73.6
2024-01-26 15:57:49,After connectionMade,0.0,73.6
2024-01-26 15:57:49,After connectionMade,0.0,73.6
2024-01-26 15:57:49,After connectionMade,0.0,73.6
2024-01-26 15:57:49,After connectionMade,0.0,73.6
2024-01-26 15:57:49,After connectionMade,0.0,73.6
2024-01-26 15:57:49,After connectionMade,0.0,73.6
2024-01-26 15:57:49,After connectionMade,0.0,73.6
2024-01-26 15:57:49,After connectionMade,0.0,73.6
2024-01-26 15:57:49,After connectionMade,0.0,73.6
2024-01-26 15:57:49,After connectionMade,0.0,73.6
2024-01-26 15:57:49,After connectionMade,0.0,73.6
2024-01-26 15:57:49,After connectionMade,0.0,73.6
2024-01-26 15:57:49,After connectionMade,0.0,73.6
2024-01-26 15:57:49,After connectionMade,0.0,73.6
2024-01-26 15:57:49,After connectionMade,0.0,73.6
2024-01-26 15:57:49,After connectionMade,0.0,73.6
2024-01-26 15:57:49,After connectionMade,0.0,73.6
2024-01-26 15:57:49,After connectionMade,0.0,73.6
2024-01-26 15:57:49,After connectionMade,0.0,73.6
2024-01-26 15:57:49,After connectionMade,0.0,73.6
2024-01-26 15:57:49,After connectionMade,0.0,73.6
2024-01-26 15:57:49,After connectionMade,0.0,73.6
2024-01-26 15:57:49,After connectionMade,0.0,73.6
2024-01-26 15:57:49,After connectionMade,0.0,73.6
2024-01-26 15:57:49,After connectionMade,0.0,73.6
2024-01-26 15:57:49,After connectionMade,0.0,73.6
2024-01-26 15:57:49,After connectionMade,0.0,73.6
2024-01-26 15:57:49,After connectionMade,0.0,73.6
2024-01-26 15:57:49,After connectionMade,0.0,73.6
2024-01-26 15:57:49,After connectionMade,0.0,73.6
2024-01-26 15:57:49,After connectionMade,0.0,73.6
2024-01-26 15:57:49,After connectionMade,0.0,73.6
2024-01-26 15:57:49,After connectionMade,0.0,73.6
2024-01-26 15:57:49,After connectionMade,0.0,73.6
2024-01-26 15:57:49,After connectionMade,0.0,73.6
2024-01-26 15:57:49,After connectionMade,0.0,73.6
2024-01-26 15:57:49,After connectionMade,0.0,73.6
2024-01-26 15:57:49,After connectionMade,0.0,73.6
2024-01-26 15:57:49,After connectionMade,0.0,73.6
2024-01-26 15:57:49,After connectionMade,0.0,73.6
2024-01-26 15:57:49,After connectionMade,0.0,73.6
2024-01-26 15:57:49,After connectionMade,0.0,73.6
2024-01-26 15:57:49,After connectionMade,0.0,73.6
2024-01-26 15:57:49,After connectionMade,0.0,73.6
2024-01-26 15:57:49,After connectionMade,0.0,73.6
2024-01-26 15:57:49,After connectionMade,0.0,73.6
2024-01-26 15:57:49,After connectionMade,0.0,73.6
2024-01-26 15:57:49,After connectionMade,0.0,73.6
2024-01-26 15:57:49,After connectionMade,0.0,73.6
2024-01-26 15:57:49,After connectionMade,0.0,73.6
2024-01-26 15:57:49,After connectionMade,0.0,73.6
2024-01-26 15:57:49,After connectionMade,0.0,73.6
2024-01-26 15:57:49,After connectionMade,0.0,73.6
2024-01-26 15:57:49,After connectionMade,0.0,73.6
2024-01-26 15:57:49,After connectionMade,0.0,73.6
2024-01-26 15:57:49,After connectionMade,0.0,73.6
2024-01-26 15:57:49,After connectionMade,0.0,73.6
2024-01-26 15:57:49,After connectionMade,0.0,73.6
2024-01-26 15:57:49,After connectionMade,0.0,73.6
2024-01-26 15:57:49,After connectionMade,0.0,73.6
2024-01-26 15:57:49,After connectionMade,0.0,73.6
2024-01-26 15:57:49,After connectionMade,0.0,73.6
2024-01-26 15:57:49,After connectionMade,0.0,73.6
2024-01-26 15:57:49,After connectionMade,0.0,73.6
2024-01-26 15:57:49,After connectionMade,0.0,73.6
2024-01-26 15:57:49,After connectionMade,0.0,73.6
2024-01-26 15:57:49,After connectionMade,0.0,73.6
2024-01-26 15:57:49,After connectionMade,0.0,73.6
2024-01-26 15:57:49,After connectionMade,0.0,73.6
2024-01-26 15:57:49,After connectionMade,0.0,73.6
2024-01-26 15:57:54,After connectionMade,41.1,73.1
2024-01-26 15:57:54,After connectionMade,100.0,73.1
2024-01-26 15:57:54,After connectionMade,0.0,73.1
2024-01-26 15:57:54,After connectionMade,100.0,73.1
2024-01-26 15:57:54,After connectionMade,50.0,73.1
2024-01-26 15:57:54,After connectionMade,100.0,73.1
2024-01-26 15:57:54,After connectionMade,66.7,73.1
2024-01-26 15:57:54,After connectionMade,100.0,73.1
2024-01-26 15:57:54,After connectionMade,100.0,73.1
2024-01-26 15:57:54,After connectionMade,0.0,73.1
2024-01-26 15:57:54,After connectionMade,0.0,73.1
2024-01-26 15:57:54,After connectionMade,0.0,73.1
2024-01-26 15:57:54,After connectionMade,0.0,73.1
2024-01-26 15:57:54,After connectionMade,0.0,73.1
2024-01-26 15:57:54,After connectionMade,0.0,73.1
2024-01-26 15:57:54,After connectionMade,0.0,73.1
2024-01-26 15:57:54,After connectionMade,0.0,73.1
2024-01-26 15:57:54,After connectionMade,0.0,73.1
2024-01-26 15:57:54,After connectionMade,0.0,73.1
2024-01-26 15:57:54,After connectionMade,0.0,73.1
2024-01-26 15:57:54,After connectionMade,0.0,73.1
2024-01-26 15:57:54,After connectionMade,0.0,73.1
2024-01-26 15:57:54,After connectionMade,0.0,73.1
2024-01-26 15:57:54,After connectionMade,0.0,73.1
2024-01-26 15:57:54,After connectionMade,0.0,73.1
2024-01-26 15:57:54,After connectionMade,0.0,73.1
2024-01-26 15:57:54,After connectionMade,0.0,73.1
2024-01-26 15:57:54,After connectionMade,0.0,73.1
2024-01-26 15:57:54,After connectionMade,0.0,73.1
2024-01-26 15:57:54,After connectionMade,0.0,73.1
2024-01-26 15:57:54,After connectionMade,0.0,73.1
2024-01-26 15:57:54,After connectionMade,0.0,73.1
2024-01-26 15:57:54,After connectionMade,0.0,73.1
2024-01-26 15:57:54,After connectionMade,0.0,73.1
2024-01-26 15:57:54,After connectionMade,0.0,73.1
2024-01-26 15:57:54,After connectionMade,0.0,73.1
2024-01-26 15:57:54,After connectionMade,0.0,73.1
2024-01-26 15:57:54,After connectionMade,0.0,73.1
2024-01-26 15:57:55,After connectionMade,0.0,73.1
2024-01-26 15:57:55,After connectionMade,0.0,73.1
2024-01-26 15:57:55,After connectionMade,0.0,73.1
2024-01-26 15:57:55,After connectionMade,0.0,73.1
2024-01-26 15:57:55,After connectionMade,0.0,73.1
2024-01-26 15:57:55,After connectionMade,0.0,73.1
2024-01-26 15:57:55,After connectionMade,0.0,73.1
2024-01-26 15:57:55,After connectionMade,0.0,73.1
2024-01-26 15:57:55,After connectionMade,0.0,73.1
2024-01-26 15:57:55,After connectionMade,0.0,73.1
2024-01-26 15:57:55,After connectionMade,0.0,73.1
2024-01-26 15:57:55,After connectionMade,0.0,73.1
2024-01-26 15:57:55,After connectionMade,0.0,73.1
2024-01-26 15:57:55,After connectionMade,0.0,73.1
2024-01-26 15:57:55,After connectionMade,0.0,73.1
2024-01-26 15:57:55,After connectionMade,0.0,73.1
2024-01-26 15:57:55,After connectionMade,0.0,73.1
2024-01-26 15:57:55,After connectionMade,0.0,73.1
2024-01-26 15:57:55,After connectionMade,0.0,73.1
2024-01-26 15:57:55,After connectionMade,0.0,73.1
2024-01-26 15:57:55,After connectionMade,0.0,73.1
2024-01-26 15:57:55,After connectionMade,0.0,73.1
2024-01-26 15:57:55,After connectionMade,0.0,73.1
2024-01-26 15:57:55,After connectionMade,0.0,73.1
2024-01-26 15:57:55,After connectionMade,0.0,73.1
2024-01-26 15:57:55,After connectionMade,0.0,73.1
2024-01-26 15:57:55,After connectionMade,0.0,73.1
2024-01-26 15:57:55,After connectionMade,0.0,73.1
2024-01-26 15:57:55,After connectionMade,0.0,73.1
2024-01-26 15:57:55,After connectionMade,0.0,73.1
2024-01-26 15:57:55,After connectionMade,0.0,73.1
2024-01-26 15:57:55,After connectionMade,0.0,73.1
2024-01-26 15:57:55,After connectionMade,0.0,73.1
2024-01-26 15:57:55,After connectionMade,0.0,73.1
2024-01-26 15:57:55,After connectionMade,0.0,73.1
2024-01-26 15:57:55,After connectionMade,0.0,73.1
2024-01-26 15:57:55,After connectionMade,0.0,73.1
2024-01-26 15:57:55,After connectionMade,0.0,73.1
2024-01-26 15:57:55,After connectionMade,0.0,73.1
2024-01-26 15:57:55,After connectionMade,0.0,73.1
2024-01-26 15:57:55,After connectionMade,0.0,73.1
2024-01-26 15:57:55,After connectionMade,0.0,73.1
2024-01-26 15:57:55,After connectionMade,0.0,73.1
2024-01-26 15:57:55,After connectionMade,0.0,73.1
2024-01-26 15:57:55,After connectionMade,0.0,73.1
2024-01-26 15:57:55,After connectionMade,0.0,73.1
2024-01-26 15:57:55,After connectionMade,0.0,73.1
2024-01-26 15:57:55,After connectionMade,0.0,73.1
2024-01-26 15:57:55,After connectionMade,0.0,73.1
2024-01-26 15:57:55,After connectionMade,0.0,73.1
2024-01-26 15:57:55,After connectionMade,0.0,73.1
2024-01-26 15:57:55,After connectionMade,0.0,73.1
2024-01-26 15:57:55,After connectionMade,0.0,73.1
2024-01-26 15:57:55,After connectionMade,0.0,73.1
2024-01-26 15:57:55,After connectionMade,0.0,73.1
2024-01-26 15:57:55,After connectionMade,0.0,73.1
2024-01-26 15:57:55,After connectionMade,0.0,73.1
2024-01-26 15:57:55,After connectionMade,0.0,73.1
2024-01-26 15:57:55,After connectionMade,0.0,73.1
2024-01-26 15:57:55,After connectionMade,0.0,73.1
2024-01-26 15:57:55,After connectionMade,0.0,73.1
2024-01-26 15:57:55,After connectionMade,0.0,73.1
2024-01-26 15:57:55,After connectionMade,0.0,73.1
2024-01-26 15:57:55,After connectionMade,0.0,73.1
2024-01-26 15:57:55,After connectionMade,0.0,73.1
2024-01-26 15:57:55,After connectionMade,0.0,73.1
2024-01-26 15:57:55,After connectionMade,0.0,73.1
2024-01-26 15:57:55,After connectionMade,0.0,73.1
2024-01-26 15:57:55,After connectionMade,0.0,73.1
2024-01-26 15:57:55,After connectionMade,0.0,73.1
2024-01-26 15:57:55,After connectionMade,0.0,73.1
2024-01-26 15:57:55,After connectionMade,0.0,73.1
2024-01-26 15:57:55,After connectionMade,0.0,73.1
2024-01-26 15:57:55,After connectionMade,0.0,73.1
2024-01-26 15:57:55,After connectionMade,0.0,73.1
2024-01-26 15:57:55,After connectionMade,0.0,73.1
2024-01-26 15:57:55,After connectionMade,0.0,73.1
2024-01-26 15:57:55,After connectionMade,0.0,73.1
2024-01-26 15:57:55,After connectionMade,0.0,73.1
2024-01-26 15:57:55,After connectionMade,0.0,73.1
2024-01-26 15:57:55,After connectionMade,0.0,73.1
2024-01-26 15:57:55,After connectionMade,0.0,73.1
2024-01-26 15:57:55,After connectionMade,0.0,73.1
2024-01-26 15:57:55,After connectionMade,0.0,73.1
2024-01-26 15:57:55,After connectionMade,0.0,73.1
2024-01-26 15:57:55,After connectionMade,0.0,73.1
2024-01-26 15:57:55,After connectionMade,0.0,73.1
2024-01-26 15:57:55,After connectionMade,0.0,73.1
2024-01-26 15:57:55,After connectionMade,0.0,73.1
2024-01-26 15:57:55,After connectionMade,0.0,73.1
2024-01-26 15:57:55,After connectionMade,0.0,73.1
2024-01-26 15:57:55,After connectionMade,0.0,73.1
2024-01-26 15:57:55,After connectionMade,0.0,73.1
2024-01-26 15:57:55,After connectionMade,0.0,73.1
2024-01-26 15:57:55,After connectionMade,0.0,73.1
2024-01-26 15:57:55,After connectionMade,0.0,73.1
2024-01-26 15:57:55,After connectionMade,0.0,73.1
2024-01-26 15:57:55,After connectionMade,0.0,73.1
2024-01-26 15:57:55,After connectionMade,0.0,73.1
2024-01-26 15:57:55,After connectionMade,0.0,73.1
2024-01-26 15:57:55,After connectionMade,0.0,73.1
2024-01-26 15:57:55,After connectionMade,0.0,73.1
2024-01-26 15:57:55,After connectionMade,0.0,73.1
2024-01-26 15:57:55,After connectionMade,0.0,73.1
2024-01-26 15:57:55,After connectionMade,0.0,73.1
2024-01-26 15:57:55,After connectionMade,0.0,73.1
2024-01-26 15:57:55,After connectionMade,0.0,73.1
2024-01-26 15:57:55,After connectionMade,0.0,73.1
2024-01-26 15:57:55,After connectionMade,0.0,73.1
2024-01-26 15:57:55,After connectionMade,0.0,73.1
2024-01-26 15:57:55,After connectionMade,0.0,73.1
2024-01-26 15:57:55,After connectionMade,0.0,73.1
2024-01-26 15:57:55,After connectionMade,0.0,73.1
2024-01-26 15:57:55,After connectionMade,0.0,73.1
2024-01-26 15:57:55,After connectionMade,0.0,73.1
2024-01-26 15:57:55,After connectionMade,0.0,73.1
2024-01-26 15:57:55,After connectionMade,0.0,73.1
2024-01-26 15:57:55,After connectionMade,0.0,73.1
2024-01-26 15:57:55,After connectionMade,0.0,73.1
2024-01-26 15:57:55,After connectionMade,0.0,73.1
2024-01-26 15:57:55,After connectionMade,0.0,73.1
2024-01-26 15:57:55,After connectionMade,0.0,73.1
2024-01-26 15:57:55,After connectionMade,0.0,73.1
2024-01-26 15:57:55,After connectionMade,0.0,73.1
2024-01-26 15:57:55,After connectionMade,0.0,73.1
2024-01-26 15:57:55,After connectionMade,0.0,73.1
2024-01-26 15:57:55,After connectionMade,0.0,73.1
2024-01-26 15:57:55,After connectionMade,0.0,73.1
2024-01-26 15:57:55,After connectionMade,0.0,73.1
2024-01-26 15:57:55,After connectionMade,0.0,73.1
2024-01-26 15:57:55,After connectionMade,0.0,73.1
2024-01-26 15:57:55,After connectionMade,0.0,73.1
2024-01-26 15:57:55,After connectionMade,0.0,73.1
2024-01-26 15:57:55,After connectionMade,0.0,73.1
2024-01-26 15:57:55,After connectionMade,0.0,73.1
2024-01-26 15:57:55,After connectionMade,0.0,73.1
2024-01-26 15:57:55,After connectionMade,0.0,73.1
2024-01-26 15:57:55,After connectionMade,0.0,73.1
2024-01-26 15:57:55,After connectionMade,0.0,73.1
2024-01-26 15:57:55,After connectionMade,0.0,73.1
2024-01-26 15:57:55,After connectionMade,0.0,73.1
2024-01-26 15:57:55,After connectionMade,0.0,73.1
2024-01-26 15:57:55,After connectionMade,0.0,73.1
2024-01-26 15:57:55,After connectionMade,0.0,73.1
2024-01-26 15:57:55,After connectionMade,0.0,73.1
2024-01-26 15:57:55,After connectionMade,0.0,73.1
2024-01-26 15:57:55,After connectionMade,0.0,73.1
2024-01-26 15:57:55,After connectionMade,0.0,73.1
2024-01-26 15:57:55,After connectionMade,0.0,73.1
2024-01-26 15:57:55,After connectionMade,0.0,73.1
2024-01-26 15:57:55,After connectionMade,0.0,73.1
2024-01-26 15:57:55,After connectionMade,0.0,73.1
2024-01-26 15:57:55,After connectionMade,0.0,73.1
2024-01-26 15:57:55,After connectionMade,0.0,73.1
2024-01-26 15:57:55,After connectionMade,0.0,73.1
2024-01-26 15:57:55,After connectionMade,0.0,73.1
2024-01-26 15:57:55,After connectionMade,0.0,73.1
2024-01-26 15:57:55,After connectionMade,0.0,73.1
2024-01-26 15:57:55,After connectionMade,0.0,73.1
2024-01-26 15:57:55,After connectionMade,0.0,73.1
2024-01-26 15:57:55,After connectionMade,0.0,73.1
2024-01-26 15:57:55,After connectionMade,0.0,73.1
2024-01-26 15:57:55,After connectionMade,0.0,73.1
2024-01-26 15:57:55,After connectionMade,0.0,73.1
2024-01-26 15:57:55,After connectionMade,0.0,73.1
2024-01-26 15:57:55,After connectionMade,0.0,73.1
2024-01-26 15:57:55,After connectionMade,0.0,73.1
2024-01-26 15:57:55,After connectionMade,0.0,73.1
2024-01-26 15:57:55,After connectionMade,0.0,73.1
2024-01-26 15:57:55,After connectionMade,0.0,73.1
2024-01-26 15:57:55,After connectionMade,0.0,73.1
2024-01-26 15:57:55,After connectionMade,0.0,73.1
2024-01-26 15:57:55,After connectionMade,0.0,73.1
2024-01-26 15:57:55,After connectionMade,0.0,73.1
2024-01-26 15:57:55,After connectionMade,0.0,73.1
2024-01-26 15:57:55,After connectionMade,0.0,73.1
2024-01-26 15:57:55,After connectionMade,0.0,73.1
2024-01-26 15:57:55,After connectionMade,0.0,73.1
2024-01-26 15:57:55,After connectionMade,0.0,73.1
2024-01-26 15:57:55,After connectionMade,0.0,73.1
2024-01-26 15:57:55,After connectionMade,0.0,73.1
2024-01-26 15:57:55,After connectionMade,0.0,73.1
2024-01-26 15:57:55,After connectionMade,0.0,73.1
2024-01-26 15:57:55,After connectionMade,0.0,73.1
2024-01-26 15:57:55,After connectionMade,0.0,73.1
2024-01-26 15:57:55,After connectionMade,0.0,73.1
2024-01-26 15:57:55,After connectionMade,0.0,73.1
2024-01-26 15:57:55,After connectionMade,0.0,73.1
2024-01-26 15:57:55,After connectionMade,0.0,73.1
2024-01-26 15:57:55,After connectionMade,0.0,73.1
2024-01-26 15:57:55,After connectionMade,0.0,73.1
2024-01-26 15:57:55,After connectionMade,0.0,73.1
2024-01-26 15:57:55,After connectionMade,0.0,73.1
2024-01-26 15:57:55,After connectionMade,0.0,73.1
2024-01-26 15:57:55,After connectionMade,0.0,73.1
2024-01-26 15:57:55,After connectionMade,0.0,73.1
2024-01-26 15:57:55,After connectionMade,0.0,73.1
2024-01-26 15:57:55,After connectionMade,0.0,73.1
2024-01-26 15:57:55,After connectionMade,0.0,73.1
2024-01-26 15:57:55,After connectionMade,0.0,73.1
2024-01-26 15:57:55,After connectionMade,0.0,73.1
2024-01-26 15:57:55,After connectionMade,0.0,73.1
2024-01-26 15:57:55,After connectionMade,0.0,73.1
2024-01-26 15:57:55,After connectionMade,0.0,73.1
2024-01-26 15:57:55,After connectionMade,0.0,73.1
2024-01-26 15:57:55,After connectionMade,0.0,73.1
2024-01-26 15:57:55,After connectionMade,0.0,73.1
2024-01-26 15:57:55,After connectionMade,0.0,73.1
2024-01-26 15:57:55,After connectionMade,0.0,73.1
2024-01-26 15:57:55,After connectionMade,0.0,73.1
2024-01-26 15:57:55,After connectionMade,0.0,73.1
2024-01-26 15:57:55,After connectionMade,0.0,73.1
2024-01-26 15:57:55,After connectionMade,0.0,73.1
2024-01-26 15:57:55,After connectionMade,0.0,73.1
2024-01-26 15:57:55,After connectionMade,0.0,73.1
2024-01-26 15:57:55,After connectionMade,0.0,73.1
2024-01-26 15:57:55,After connectionMade,0.0,73.1
2024-01-26 15:57:55,After connectionMade,0.0,73.1
2024-01-26 15:57:55,After connectionMade,0.0,73.1
2024-01-26 15:57:55,After connectionMade,0.0,73.1
2024-01-26 15:57:55,After connectionMade,0.0,73.1
2024-01-26 15:57:55,After connectionMade,0.0,73.1
2024-01-26 15:57:55,After connectionMade,0.0,73.1
2024-01-26 15:57:55,After connectionMade,0.0,73.1
2024-01-26 15:57:55,After connectionMade,0.0,73.1
2024-01-26 15:57:55,After connectionMade,0.0,73.1
2024-01-26 15:57:55,After connectionMade,0.0,73.1
2024-01-26 15:57:55,After connectionMade,0.0,73.1
2024-01-26 15:57:55,After connectionMade,0.0,73.1
2024-01-26 15:57:55,After connectionMade,0.0,73.1
2024-01-26 15:57:55,After connectionMade,0.0,73.1
2024-01-26 15:57:55,After connectionMade,0.0,73.1
2024-01-26 15:57:55,After connectionMade,0.0,73.1
2024-01-26 15:57:55,After connectionMade,0.0,73.1
2024-01-26 15:57:55,After connectionMade,0.0,73.1
2024-01-26 15:57:55,After connectionMade,0.0,73.1
2024-01-26 15:57:55,After connectionMade,0.0,73.1
2024-01-26 15:57:55,After connectionMade,0.0,73.1
2024-01-26 15:57:55,After connectionMade,0.0,73.1
2024-01-26 15:57:55,After connectionMade,0.0,73.1
2024-01-26 15:57:55,After connectionMade,0.0,73.1
2024-01-26 15:57:56,communicationWithDS401,26.8,73.0
2024-01-26 15:57:56,communicationWithDS401,0.0,73.0
2024-01-26 15:57:56,communicationWithDS401,0.0,73.0
2024-01-26 15:57:56,communicationWithDS401,0.0,73.0
2024-01-26 15:57:56,communicationWithDS401,0.0,73.0
2024-01-26 15:57:56,communicationWithDS401,0.0,73.0
2024-01-26 15:57:56,communicationWithDS401,0.0,73.0
2024-01-26 15:57:56,communicationWithDS401,0.0,73.0
2024-01-26 15:57:56,communicationWithDS401,0.0,73.0
2024-01-26 15:57:56,communicationWithDS401,0.0,73.0
2024-01-26 15:57:56,communicationWithDS401,0.0,73.0
2024-01-26 15:57:56,communicationWithDS401,0.0,73.0
2024-01-26 15:57:56,communicationWithDS401,0.0,73.0
2024-01-26 15:57:56,communicationWithDS401,0.0,73.0
2024-01-26 15:57:56,communicationWithDS401,0.0,73.0
2024-01-26 15:57:56,communicationWithDS401,0.0,73.0
2024-01-26 15:57:56,communicationWithDS401,0.0,73.0
2024-01-26 15:57:56,communicationWithDS401,0.0,73.0
2024-01-26 15:57:56,communicationWithDS401,0.0,73.0
2024-01-26 15:57:56,communicationWithDS401,0.0,73.0
2024-01-26 15:57:56,communicationWithDS401,0.0,73.0
2024-01-26 15:57:56,communicationWithDS401,0.0,73.0
2024-01-26 15:57:56,communicationWithDS401,0.0,73.0
2024-01-26 15:57:56,communicationWithDS401,0.0,73.0
2024-01-26 15:57:56,communicationWithDS401,0.0,73.0
2024-01-26 15:57:56,communicationWithDS401,0.0,73.0
2024-01-26 15:57:56,communicationWithDS401,0.0,73.0
2024-01-26 15:57:56,communicationWithDS401,0.0,73.0
2024-01-26 15:57:56,communicationWithDS401,0.0,73.0
2024-01-26 15:57:56,communicationWithDS401,0.0,73.0
2024-01-26 15:57:56,communicationWithDS401,0.0,73.0
2024-01-26 15:57:56,communicationWithDS401,0.0,73.0
2024-01-26 15:57:56,communicationWithDS401,0.0,73.0
2024-01-26 15:57:56,communicationWithDS401,0.0,73.0
2024-01-26 15:57:56,communicationWithDS401,0.0,73.0
2024-01-26 15:57:56,communicationWithDS401,0.0,73.0
2024-01-26 15:57:56,communicationWithDS401,0.0,73.0
2024-01-26 15:57:56,communicationWithDS401,0.0,73.0
2024-01-26 15:57:56,communicationWithDS401,0.0,73.0
2024-01-26 15:57:56,communicationWithDS401,0.0,73.0
2024-01-26 15:57:56,communicationWithDS401,0.0,73.0
2024-01-26 15:57:56,communicationWithDS401,0.0,73.0
2024-01-26 15:57:56,communicationWithDS401,0.0,73.0
2024-01-26 15:57:56,communicationWithDS401,0.0,73.0
2024-01-26 15:57:56,communicationWithDS401,0.0,73.0
2024-01-26 15:57:56,communicationWithDS401,0.0,73.0
2024-01-26 15:57:56,communicationWithDS401,0.0,73.0
2024-01-26 15:57:56,communicationWithDS401,0.0,73.0
2024-01-26 15:57:56,communicationWithDS401,0.0,73.0
2024-01-26 15:57:56,communicationWithDS401,0.0,73.0
2024-01-26 15:57:56,communicationWithDS401,0.0,73.0
2024-01-26 15:57:56,communicationWithDS401,0.0,73.0
2024-01-26 15:57:56,communicationWithDS401,0.0,73.0
2024-01-26 15:57:56,communicationWithDS401,0.0,73.0
2024-01-26 15:57:56,communicationWithDS401,0.0,73.0
2024-01-26 15:57:56,communicationWithDS401,0.0,73.0
2024-01-26 15:57:56,communicationWithDS401,0.0,73.0
2024-01-26 15:57:56,communicationWithDS401,0.0,73.0
2024-01-26 15:57:56,communicationWithDS401,0.0,73.0
2024-01-26 15:57:56,communicationWithDS401,0.0,73.0
2024-01-26 15:57:56,communicationWithDS401,0.0,73.0
2024-01-26 15:57:56,communicationWithDS401,0.0,73.0
2024-01-26 15:57:56,communicationWithDS401,0.0,73.0
2024-01-26 15:57:56,communicationWithDS401,0.0,73.0
2024-01-26 15:57:56,communicationWithDS401,0.0,73.0
2024-01-26 15:57:56,communicationWithDS401,0.0,73.0
2024-01-26 15:57:56,communicationWithDS401,0.0,73.0
2024-01-26 15:57:56,communicationWithDS401,0.0,73.0
2024-01-26 15:57:56,communicationWithDS401,0.0,73.0
2024-01-26 15:57:56,communicationWithDS401,0.0,73.0
2024-01-26 15:57:56,communicationWithDS401,0.0,73.0
2024-01-26 15:57:56,communicationWithDS401,0.0,73.0
2024-01-26 15:57:56,communicationWithDS401,0.0,73.0
2024-01-26 15:57:56,communicationWithDS401,0.0,73.0
2024-01-26 15:57:56,communicationWithDS401,0.0,73.0
2024-01-26 15:57:56,communicationWithDS401,0.0,73.0
2024-01-26 15:57:56,communicationWithDS401,0.0,73.0
2024-01-26 15:57:56,communicationWithDS401,0.0,73.0
2024-01-26 15:57:56,communicationWithDS401,0.0,73.0
2024-01-26 15:57:56,communicationWithDS401,0.0,73.0
2024-01-26 15:57:56,communicationWithDS401,0.0,73.0
2024-01-26 15:57:56,communicationWithDS401,0.0,73.0
2024-01-26 15:57:56,communicationWithDS401,0.0,73.0
2024-01-26 15:57:56,communicationWithDS401,0.0,73.0
2024-01-26 15:57:56,communicationWithDS401,0.0,73.0
2024-01-26 15:57:56,communicationWithDS401,0.0,73.0
2024-01-26 15:57:56,communicationWithDS401,0.0,73.0
2024-01-26 15:57:56,communicationWithDS401,0.0,73.0
2024-01-26 15:57:56,communicationWithDS401,0.0,73.0
2024-01-26 15:57:56,communicationWithDS401,0.0,73.0
2024-01-26 15:57:56,communicationWithDS401,0.0,73.0
2024-01-26 15:57:56,communicationWithDS401,0.0,73.0
2024-01-26 15:57:56,communicationWithDS401,0.0,73.0
2024-01-26 15:57:56,communicationWithDS401,0.0,73.0
2024-01-26 15:57:56,communicationWithDS401,0.0,73.0
2024-01-26 15:57:56,communicationWithDS401,0.0,73.0
2024-01-26 15:57:56,communicationWithDS401,0.0,73.0
2024-01-26 15:57:56,communicationWithDS401,0.0,73.0
2024-01-26 15:57:56,communicationWithDS401,0.0,73.0
2024-01-26 15:57:56,communicationWithDS401,0.0,73.0
2024-01-26 15:57:56,communicationWithDS401,0.0,73.0
2024-01-26 15:57:56,communicationWithDS401,0.0,73.0
2024-01-26 15:57:56,communicationWithDS401,0.0,73.0
2024-01-26 15:57:56,communicationWithDS401,0.0,73.0
2024-01-26 15:57:56,communicationWithDS401,0.0,73.0
2024-01-26 15:57:56,communicationWithDS401,0.0,73.0
2024-01-26 15:57:56,communicationWithDS401,0.0,73.0
2024-01-26 15:57:56,communicationWithDS401,0.0,73.0
2024-01-26 15:57:56,communicationWithDS401,0.0,73.0
2024-01-26 15:57:56,communicationWithDS401,0.0,73.0
2024-01-26 15:57:56,communicationWithDS401,0.0,73.0
2024-01-26 15:57:56,communicationWithDS401,0.0,73.0
2024-01-26 15:57:56,communicationWithDS401,0.0,73.0
2024-01-26 15:57:56,communicationWithDS401,0.0,73.0
2024-01-26 15:57:56,communicationWithDS401,0.0,73.0
2024-01-26 15:57:56,communicationWithDS401,0.0,73.0
2024-01-26 15:57:56,communicationWithDS401,0.0,73.0
2024-01-26 15:57:56,communicationWithDS401,0.0,73.0
2024-01-26 15:57:56,communicationWithDS401,0.0,73.0
2024-01-26 15:57:56,communicationWithDS401,0.0,73.0
2024-01-26 15:57:56,communicationWithDS401,0.0,73.0
2024-01-26 15:57:56,communicationWithDS401,0.0,73.0
2024-01-26 15:57:56,communicationWithDS401,0.0,73.0
2024-01-26 15:57:56,communicationWithDS401,0.0,73.0
2024-01-26 15:57:56,communicationWithDS401,0.0,73.0
2024-01-26 15:57:56,communicationWithDS401,0.0,73.0
2024-01-26 15:57:56,communicationWithDS401,0.0,73.0
2024-01-26 15:57:56,communicationWithDS401,0.0,73.0
2024-01-26 15:57:56,communicationWithDS401,0.0,73.0
2024-01-26 15:57:56,communicationWithDS401,0.0,73.0
2024-01-26 15:57:56,communicationWithDS401,0.0,73.0
2024-01-26 15:57:56,communicationWithDS401,0.0,73.0
2024-01-26 15:57:56,communicationWithDS401,0.0,73.0
2024-01-26 15:57:56,communicationWithDS401,0.0,73.0
2024-01-26 15:57:56,communicationWithDS401,0.0,73.0
2024-01-26 15:57:56,communicationWithDS401,0.0,73.0
2024-01-26 15:57:56,communicationWithDS401,0.0,73.0
2024-01-26 15:57:56,communicationWithDS401,0.0,73.0
2024-01-26 15:57:56,communicationWithDS401,0.0,73.0
2024-01-26 15:57:56,communicationWithDS401,0.0,73.0
2024-01-26 15:57:56,communicationWithDS401,0.0,73.0
2024-01-26 15:57:56,communicationWithDS401,0.0,73.0
2024-01-26 15:57:57,communicationWithDS401,0.0,73.0
2024-01-26 15:57:57,communicationWithDS401,0.0,73.0
2024-01-26 15:57:57,communicationWithDS401,0.0,73.0
2024-01-26 15:57:57,communicationWithDS401,0.0,73.0
2024-01-26 15:57:57,communicationWithDS401,0.0,73.0
2024-01-26 15:57:57,communicationWithDS401,0.0,73.0
2024-01-26 15:57:57,communicationWithDS401,0.0,73.0
2024-01-26 15:57:57,communicationWithDS401,0.0,73.0
2024-01-26 15:57:57,communicationWithDS401,0.0,73.0
2024-01-26 15:57:57,communicationWithDS401,0.0,73.0
2024-01-26 15:57:57,communicationWithDS401,0.0,73.0
2024-01-26 15:57:57,communicationWithDS401,0.0,73.0
2024-01-26 15:57:57,communicationWithDS401,0.0,73.0
2024-01-26 15:57:57,communicationWithDS401,0.0,73.0
2024-01-26 15:57:57,communicationWithDS401,0.0,73.0
2024-01-26 15:57:57,communicationWithDS401,0.0,73.0
2024-01-26 15:57:57,communicationWithDS401,0.0,73.0
2024-01-26 15:57:57,communicationWithDS401,0.0,73.0
2024-01-26 15:57:57,communicationWithDS401,0.0,73.0
2024-01-26 15:57:57,communicationWithDS401,0.0,73.0
2024-01-26 15:57:57,communicationWithDS401,0.0,73.0
2024-01-26 15:57:57,communicationWithDS401,0.0,73.0
2024-01-26 15:57:57,communicationWithDS401,0.0,73.0
2024-01-26 15:57:57,communicationWithDS401,0.0,73.0
2024-01-26 15:57:57,communicationWithDS401,0.0,73.0
2024-01-26 15:57:57,communicationWithDS401,0.0,73.0
2024-01-26 15:57:57,communicationWithDS401,0.0,73.0
2024-01-26 15:57:57,communicationWithDS401,0.0,73.0
2024-01-26 15:57:57,communicationWithDS401,0.0,73.0
2024-01-26 15:57:57,communicationWithDS401,0.0,73.0
2024-01-26 15:57:57,communicationWithDS401,0.0,73.0
2024-01-26 15:57:57,communicationWithDS401,0.0,73.0
2024-01-26 15:57:57,communicationWithDS401,0.0,73.0
2024-01-26 15:57:57,communicationWithDS401,0.0,73.0
2024-01-26 15:57:57,communicationWithDS401,0.0,73.0
2024-01-26 15:57:57,communicationWithDS401,0.0,73.0
2024-01-26 15:57:57,communicationWithDS401,0.0,73.0
2024-01-26 15:57:57,communicationWithDS401,0.0,73.0
2024-01-26 15:57:57,communicationWithDS401,0.0,73.0
2024-01-26 15:57:57,communicationWithDS401,0.0,73.0
2024-01-26 15:57:57,communicationWithDS401,0.0,73.0
2024-01-26 15:57:57,communicationWithDS401,0.0,73.0
2024-01-26 15:57:57,communicationWithDS401,0.0,73.0
2024-01-26 15:57:57,communicationWithDS401,0.0,73.0
2024-01-26 15:57:57,communicationWithDS401,0.0,73.0
2024-01-26 15:57:57,communicationWithDS401,0.0,73.0
2024-01-26 15:57:57,communicationWithDS401,0.0,73.0
2024-01-26 15:57:57,communicationWithDS401,0.0,73.0
2024-01-26 15:57:57,communicationWithDS401,0.0,73.0
2024-01-26 15:57:57,communicationWithDS401,0.0,73.0
2024-01-26 15:57:57,communicationWithDS401,0.0,73.0
2024-01-26 15:57:57,communicationWithDS401,0.0,73.0
2024-01-26 15:57:57,communicationWithDS401,0.0,73.0
2024-01-26 15:57:57,communicationWithDS401,0.0,73.0
2024-01-26 15:57:57,communicationWithDS401,0.0,73.0
2024-01-26 15:57:57,communicationWithDS401,0.0,73.0
2024-01-26 15:57:57,communicationWithDS401,0.0,73.0
2024-01-26 15:57:57,communicationWithDS401,0.0,73.0
2024-01-26 15:57:57,communicationWithDS401,0.0,73.0
2024-01-26 15:57:57,communicationWithDS401,0.0,73.0
2024-01-26 15:57:57,communicationWithDS401,0.0,73.0
2024-01-26 15:57:57,communicationWithDS401,0.0,73.0
2024-01-26 15:57:57,communicationWithDS401,0.0,73.0
2024-01-26 15:57:57,communicationWithDS401,0.0,73.0
2024-01-26 15:57:57,communicationWithDS401,0.0,73.0
2024-01-26 15:57:57,communicationWithDS401,0.0,73.0
2024-01-26 15:57:57,communicationWithDS401,0.0,73.0
2024-01-26 15:57:57,communicationWithDS401,0.0,73.0
2024-01-26 15:57:57,communicationWithDS401,0.0,73.0
2024-01-26 15:57:57,communicationWithDS401,0.0,73.0
2024-01-26 15:57:57,communicationWithDS401,0.0,73.0
2024-01-26 15:57:57,communicationWithDS401,0.0,73.0
2024-01-26 15:57:57,communicationWithDS401,0.0,73.0
2024-01-26 15:57:57,communicationWithDS401,0.0,73.0
2024-01-26 15:57:57,communicationWithDS401,0.0,73.0
2024-01-26 15:57:57,communicationWithDS401,0.0,73.0
2024-01-26 15:57:57,communicationWithDS401,0.0,73.0
2024-01-26 15:57:57,communicationWithDS401,0.0,73.0
2024-01-26 15:57:57,communicationWithDS401,0.0,73.0
2024-01-26 15:57:57,communicationWithDS401,0.0,73.0
2024-01-26 15:57:57,communicationWithDS401,0.0,73.0
2024-01-26 15:57:57,communicationWithDS401,0.0,73.0
2024-01-26 15:57:57,communicationWithDS401,0.0,73.0
2024-01-26 15:57:57,communicationWithDS401,0.0,73.0
2024-01-26 15:57:57,communicationWithDS401,0.0,73.0
2024-01-26 15:57:57,communicationWithDS401,0.0,73.0
2024-01-26 15:57:57,communicationWithDS401,0.0,73.0
2024-01-26 15:57:57,communicationWithDS401,0.0,73.0
2024-01-26 15:57:57,communicationWithDS401,0.0,73.0
2024-01-26 15:57:57,communicationWithDS401,0.0,73.0
2024-01-26 15:57:57,communicationWithDS401,0.0,73.0
2024-01-26 15:57:57,communicationWithDS401,0.0,73.0
2024-01-26 15:57:57,communicationWithDS401,0.0,73.0
2024-01-26 15:57:57,communicationWithDS401,0.0,73.0
2024-01-26 15:57:57,communicationWithDS401,0.0,73.0
2024-01-26 15:57:57,communicationWithDS401,0.0,73.0
2024-01-26 15:57:57,communicationWithDS401,0.0,73.0
2024-01-26 15:57:57,communicationWithDS401,0.0,73.0
2024-01-26 15:57:57,communicationWithDS401,0.0,73.0
2024-01-26 15:57:57,communicationWithDS401,0.0,73.0
2024-01-26 15:57:57,communicationWithDS401,0.0,73.0
2024-01-26 15:57:57,communicationWithDS401,0.0,73.0
2024-01-26 15:57:57,communicationWithDS401,0.0,73.0
2024-01-26 15:57:57,communicationWithDS401,0.0,73.0
2024-01-26 15:57:57,communicationWithDS401,0.0,73.0
2024-01-26 15:57:57,communicationWithDS401,0.0,73.0
2024-01-26 15:57:57,communicationWithDS401,0.0,73.0
2024-01-26 15:57:57,communicationWithDS401,0.0,73.0
2024-01-26 15:57:57,communicationWithDS401,0.0,73.0
2024-01-26 15:57:57,communicationWithDS401,0.0,73.0
2024-01-26 15:57:57,communicationWithDS401,0.0,73.0
2024-01-26 15:57:57,communicationWithDS401,0.0,73.0
2024-01-26 15:57:57,communicationWithDS401,0.0,73.0
2024-01-26 15:57:57,communicationWithDS401,0.0,73.0
2024-01-26 15:57:57,communicationWithDS401,0.0,73.0
2024-01-26 15:57:57,communicationWithDS401,0.0,73.0
2024-01-26 15:57:57,communicationWithDS401,0.0,73.0
2024-01-26 15:57:57,communicationWithDS401,0.0,73.0
2024-01-26 15:57:57,communicationWithDS401,0.0,73.0
2024-01-26 15:57:57,communicationWithDS401,0.0,73.0
2024-01-26 15:57:57,communicationWithDS401,0.0,73.0
2024-01-26 15:57:57,communicationWithDS401,0.0,73.0
2024-01-26 15:57:57,communicationWithDS401,0.0,73.0
2024-01-26 15:57:57,communicationWithDS401,0.0,73.0
2024-01-26 15:57:57,communicationWithDS401,0.0,73.0
2024-01-26 15:57:57,communicationWithDS401,0.0,73.0
2024-01-26 15:57:57,communicationWithDS401,0.0,73.0
2024-01-26 15:57:57,communicationWithDS401,0.0,73.0
2024-01-26 15:57:57,communicationWithDS401,0.0,73.0
2024-01-26 15:57:57,communicationWithDS401,0.0,73.0
2024-01-26 15:57:57,communicationWithDS401,0.0,73.0
2024-01-26 15:57:57,communicationWithDS401,0.0,73.0
2024-01-26 15:57:57,communicationWithDS401,0.0,73.0
2024-01-26 15:57:57,communicationWithDS401,0.0,73.0
2024-01-26 15:57:57,communicationWithDS401,0.0,73.0
2024-01-26 15:57:57,communicationWithDS401,0.0,73.0
2024-01-26 15:57:57,communicationWithDS401,0.0,73.0
2024-01-26 15:57:57,communicationWithDS401,0.0,73.0
2024-01-26 15:57:57,communicationWithDS401,0.0,73.0
2024-01-26 15:57:57,communicationWithDS401,0.0,73.0
2024-01-26 15:57:57,communicationWithDS401,0.0,73.0
2024-01-26 15:57:57,communicationWithDS401,0.0,73.0
2024-01-26 15:57:57,communicationWithDS401,0.0,73.0
2024-01-26 15:57:57,communicationWithDS401,0.0,73.0
2024-01-26 15:57:57,communicationWithDS401,0.0,73.0
2024-01-26 15:57:57,communicationWithDS401,0.0,73.0
2024-01-26 15:57:57,communicationWithDS401,0.0,73.0
2024-01-26 15:57:57,communicationWithDS401,0.0,73.0
2024-01-26 15:57:57,communicationWithDS401,0.0,73.0
2024-01-26 15:57:57,communicationWithDS401,0.0,73.0
2024-01-26 15:57:57,communicationWithDS401,0.0,73.0
2024-01-26 15:57:57,communicationWithDS401,0.0,73.0
2024-01-26 15:57:57,communicationWithDS401,0.0,73.0
2024-01-26 15:57:57,communicationWithDS401,0.0,73.0
2024-01-26 15:57:57,communicationWithDS401,0.0,73.0
2024-01-26 15:57:57,communicationWithDS401,0.0,73.0
2024-01-26 15:57:57,communicationWithDS401,0.0,73.0
2024-01-26 15:57:57,communicationWithDS401,0.0,73.0
2024-01-26 15:57:57,communicationWithDS401,0.0,73.0
2024-01-26 16:07:14,After connectionMade,20.4,73.0
2024-01-26 16:07:14,After connectionMade,0.0,73.0
2024-01-26 16:07:14,After connectionMade,0.0,73.0
2024-01-26 16:07:29,communicationWithDS401,12.4,73.8
2024-01-26 16:07:29,communicationWithDS401,11.8,73.8
2024-01-26 16:07:30,communicationWithDS401,11.6,73.3
2024-01-26 16:07:57,After connectionMade,19.0,72.7
2024-01-26 16:07:57,After connectionMade,0.0,72.7
2024-01-26 16:07:57,After connectionMade,0.0,72.6
2024-01-26 16:07:57,communicationWithDS401,0.0,72.6
2024-01-26 16:07:57,communicationWithDS401,0.0,72.6
2024-01-26 16:07:57,communicationWithDS401,0.0,72.6
2024-01-26 16:17:55,After connectionMade,20.8,6725140480
2024-01-26 16:17:55,After connectionMade,100.0,6725042176
2024-01-26 16:17:55,After connectionMade,0.0,6725091328
2024-01-26 16:17:55,After connectionMade,0.0,6725238784
2024-01-26 16:17:55,After connectionMade,50.0,6725287936
2024-01-26 16:17:55,After connectionMade,0.0,6725287936
2024-01-26 16:17:55,After connectionMade,0.0,6725287936
2024-01-26 16:17:55,After connectionMade,0.0,6725287936
2024-01-26 16:17:55,After connectionMade,0.0,6725287936
2024-01-26 16:17:55,After connectionMade,0.0,6725287936
2024-01-26 16:17:55,After connectionMade,0.0,6725287936
2024-01-26 16:17:55,After connectionMade,0.0,6725287936
2024-01-26 16:17:55,After connectionMade,0.0,6725287936
2024-01-26 16:17:55,After connectionMade,0.0,6725287936
2024-01-26 16:17:55,After connectionMade,0.0,6725287936
2024-01-26 16:17:55,After connectionMade,0.0,6725287936
2024-01-26 16:17:55,After connectionMade,0.0,6725287936
2024-01-26 16:17:55,After connectionMade,0.0,6725287936
2024-01-26 16:17:55,After connectionMade,0.0,6725287936
2024-01-26 16:17:55,After connectionMade,0.0,6725287936
2024-01-26 16:17:55,After connectionMade,0.0,6725287936
2024-01-26 16:17:55,After connectionMade,0.0,6725287936
2024-01-26 16:17:55,After connectionMade,0.0,6725287936
2024-01-26 16:17:55,After connectionMade,0.0,6725287936
2024-01-26 16:17:55,After connectionMade,0.0,6725287936
2024-01-26 16:17:55,After connectionMade,0.0,6725287936
2024-01-26 16:17:55,After connectionMade,0.0,6725287936
2024-01-26 16:17:55,After connectionMade,0.0,6725287936
2024-01-26 16:17:55,After connectionMade,0.0,6725287936
2024-01-26 16:17:55,After connectionMade,50.5,6725287936
2024-01-26 16:17:55,After connectionMade,0.0,6725287936
2024-01-26 16:17:55,After connectionMade,0.0,6725287936
2024-01-26 16:17:55,After connectionMade,0.0,6725287936
2024-01-26 16:17:55,After connectionMade,0.0,6725287936
2024-01-26 16:17:55,After connectionMade,0.0,6725287936
2024-01-26 16:17:55,After connectionMade,0.0,6725287936
2024-01-26 16:17:55,After connectionMade,0.0,6725287936
2024-01-26 16:17:55,After connectionMade,0.0,6725287936
2024-01-26 16:17:55,After connectionMade,0.0,6725287936
2024-01-26 16:17:55,After connectionMade,0.0,6725287936
2024-01-26 16:17:55,After connectionMade,0.0,6725287936
2024-01-26 16:17:55,After connectionMade,0.0,6725287936
2024-01-26 16:17:55,After connectionMade,0.0,6725287936
2024-01-26 16:17:55,After connectionMade,0.0,6725287936
2024-01-26 16:17:55,After connectionMade,0.0,6725287936
2024-01-26 16:17:55,After connectionMade,0.0,6725287936
2024-01-26 16:17:55,After connectionMade,0.0,6725287936
2024-01-26 16:17:55,After connectionMade,0.0,6725287936
2024-01-26 16:17:55,After connectionMade,0.0,6725287936
2024-01-26 16:17:56,After connectionMade,0.0,6725287936
2024-01-26 16:17:56,After connectionMade,0.0,6725287936
2024-01-26 16:17:56,After connectionMade,0.0,6725287936
2024-01-26 16:17:56,After connectionMade,0.0,6725287936
2024-01-26 16:17:56,After connectionMade,0.0,6725287936
2024-01-26 16:17:56,After connectionMade,0.0,6725287936
2024-01-26 16:17:56,After connectionMade,0.0,6725287936
2024-01-26 16:17:56,After connectionMade,0.0,6725287936
2024-01-26 16:17:56,After connectionMade,0.0,6725287936
2024-01-26 16:17:56,After connectionMade,0.0,6725287936
2024-01-26 16:17:56,After connectionMade,0.0,6725287936
2024-01-26 16:17:56,After connectionMade,0.0,6725287936
2024-01-26 16:17:56,After connectionMade,0.0,6725287936
2024-01-26 16:17:56,After connectionMade,0.0,6725287936
2024-01-26 16:17:56,After connectionMade,0.0,6725287936
2024-01-26 16:17:56,After connectionMade,0.0,6725287936
2024-01-26 16:17:56,After connectionMade,0.0,6725287936
2024-01-26 16:17:56,After connectionMade,0.0,6725287936
2024-01-26 16:17:56,After connectionMade,0.0,6725287936
2024-01-26 16:17:56,After connectionMade,0.0,6725287936
2024-01-26 16:17:56,After connectionMade,0.0,6715785216
2024-01-26 16:17:56,After connectionMade,0.0,6715686912
2024-01-26 16:17:56,After connectionMade,0.0,6715719680
2024-01-26 16:17:56,After connectionMade,0.0,6715785216
2024-01-26 16:17:56,After connectionMade,0.0,6715736064
2024-01-26 16:17:56,After connectionMade,0.0,6715473920
2024-01-26 16:17:56,After connectionMade,0.0,6715523072
2024-01-26 16:17:56,After connectionMade,0.0,6715572224
2024-01-26 16:17:56,After connectionMade,0.0,6715572224
2024-01-26 16:17:56,After connectionMade,0.0,6715572224
2024-01-26 16:17:56,After connectionMade,0.0,6715572224
2024-01-26 16:17:56,After connectionMade,0.0,6715572224
2024-01-26 16:17:56,After connectionMade,0.0,6715572224
2024-01-26 16:17:56,After connectionMade,0.0,6715572224
2024-01-26 16:17:56,After connectionMade,0.0,6715572224
2024-01-26 16:17:56,After connectionMade,0.0,6715572224
2024-01-26 16:17:56,After connectionMade,0.0,6715572224
2024-01-26 16:17:56,After connectionMade,0.0,6715572224
2024-01-26 16:17:56,After connectionMade,0.0,6715572224
2024-01-26 16:17:56,After connectionMade,0.0,6715572224
2024-01-26 16:17:56,After connectionMade,0.0,6715572224
2024-01-26 16:17:56,After connectionMade,0.0,6715572224
2024-01-26 16:17:56,After connectionMade,0.0,6715572224
2024-01-26 16:17:56,After connectionMade,0.0,6715572224
2024-01-26 16:17:56,After connectionMade,0.0,6715572224
2024-01-26 16:17:56,After connectionMade,0.0,6715572224
2024-01-26 16:17:56,After connectionMade,0.0,6715572224
2024-01-26 16:17:56,After connectionMade,0.0,6715572224
2024-01-26 16:17:56,After connectionMade,0.0,6715572224
2024-01-26 16:17:56,After connectionMade,0.0,6715572224
2024-01-26 16:17:56,After connectionMade,0.0,6715572224
2024-01-26 16:17:56,After connectionMade,0.0,6715572224
2024-01-26 16:17:56,After connectionMade,0.0,6715572224
2024-01-26 16:17:56,After connectionMade,0.0,6715572224
2024-01-26 16:17:56,After connectionMade,0.0,6715572224
2024-01-26 16:17:56,After connectionMade,0.0,6715572224
2024-01-26 16:17:56,After connectionMade,0.0,6715572224
2024-01-26 16:17:56,After connectionMade,0.0,6715572224
2024-01-26 16:17:56,After connectionMade,0.0,6715572224
2024-01-26 16:17:56,After connectionMade,0.0,6715572224
2024-01-26 16:17:56,After connectionMade,0.0,6715572224
2024-01-26 16:17:56,After connectionMade,0.0,6715572224
2024-01-26 16:17:56,After connectionMade,0.0,6715572224
2024-01-26 16:17:56,After connectionMade,0.0,6715572224
2024-01-26 16:17:56,After connectionMade,0.0,6715572224
2024-01-26 16:17:56,After connectionMade,0.0,6715572224
2024-01-26 16:17:56,After connectionMade,0.0,6715572224
2024-01-26 16:17:56,After connectionMade,0.0,6715572224
2024-01-26 16:17:56,After connectionMade,0.0,6715572224
2024-01-26 16:17:56,After connectionMade,0.0,6715572224
2024-01-26 16:17:56,After connectionMade,0.0,6715572224
2024-01-26 16:17:56,After connectionMade,0.0,6715572224
2024-01-26 16:17:56,After connectionMade,0.0,6715572224
2024-01-26 16:17:56,After connectionMade,0.0,6715572224
2024-01-26 16:17:56,After connectionMade,0.0,6715572224
2024-01-26 16:17:56,After connectionMade,0.0,6715572224
2024-01-26 16:17:56,After connectionMade,0.0,6715572224
2024-01-26 16:17:56,After connectionMade,0.0,6715572224
2024-01-26 16:17:56,After connectionMade,0.0,6715572224
2024-01-26 16:17:56,After connectionMade,0.0,6715572224
2024-01-26 16:17:56,After connectionMade,0.0,6715572224
2024-01-26 16:17:56,After connectionMade,0.0,6715572224
2024-01-26 16:17:56,After connectionMade,0.0,6715572224
2024-01-26 16:17:56,After connectionMade,51.2,6715572224
2024-01-26 16:17:56,After connectionMade,0.0,6715572224
2024-01-26 16:17:56,After connectionMade,0.0,6715572224
2024-01-26 16:17:56,After connectionMade,50.0,6715572224
2024-01-26 16:17:56,After connectionMade,0.0,6715572224
2024-01-26 16:17:56,After connectionMade,0.0,6715572224
2024-01-26 16:17:56,After connectionMade,0.0,6715572224
2024-01-26 16:17:56,After connectionMade,0.0,6715572224
2024-01-26 16:17:56,After connectionMade,0.0,6715572224
2024-01-26 16:17:56,After connectionMade,0.0,6715572224
2024-01-26 16:17:56,After connectionMade,0.0,6715572224
2024-01-26 16:17:56,After connectionMade,0.0,6715572224
2024-01-26 16:17:56,After connectionMade,0.0,6715572224
2024-01-26 16:17:56,After connectionMade,0.0,6715572224
2024-01-26 16:17:56,After connectionMade,0.0,6715572224
2024-01-26 16:17:56,After connectionMade,0.0,6715572224
2024-01-26 16:17:56,After connectionMade,0.0,6715572224
2024-01-26 16:17:56,After connectionMade,0.0,6715572224
2024-01-26 16:17:56,After connectionMade,0.0,6715572224
2024-01-26 16:17:56,After connectionMade,0.0,6715572224
2024-01-26 16:17:56,After connectionMade,0.0,6715572224
2024-01-26 16:17:56,After connectionMade,0.0,6715572224
2024-01-26 16:17:56,After connectionMade,0.0,6715572224
2024-01-26 16:17:56,After connectionMade,0.0,6715572224
2024-01-26 16:17:56,After connectionMade,0.0,6715572224
2024-01-26 16:17:56,After connectionMade,0.0,6715572224
2024-01-26 16:17:56,After connectionMade,0.0,6715572224
2024-01-26 16:17:56,After connectionMade,0.0,6715572224
2024-01-26 16:17:56,After connectionMade,0.0,6715572224
2024-01-26 16:17:56,After connectionMade,0.0,6715572224
2024-01-26 16:17:56,After connectionMade,0.0,6715572224
2024-01-26 16:17:56,After connectionMade,0.0,6715572224
2024-01-26 16:17:56,After connectionMade,0.0,6715572224
2024-01-26 16:17:56,After connectionMade,0.0,6715572224
2024-01-26 16:17:56,After connectionMade,0.0,6715572224
2024-01-26 16:17:56,After connectionMade,0.0,6715572224
2024-01-26 16:17:56,After connectionMade,0.0,6715572224
2024-01-26 16:17:56,After connectionMade,0.0,6715572224
2024-01-26 16:17:56,After connectionMade,0.0,6715572224
2024-01-26 16:17:56,After connectionMade,0.0,6715572224
2024-01-26 16:17:56,After connectionMade,0.0,6715572224
2024-01-26 16:17:56,After connectionMade,0.0,6715572224
2024-01-26 16:17:56,After connectionMade,0.0,6715572224
2024-01-26 16:17:56,After connectionMade,0.0,6715572224
2024-01-26 16:17:56,After connectionMade,0.0,6715572224
2024-01-26 16:17:56,After connectionMade,0.0,6715572224
2024-01-26 16:17:56,After connectionMade,0.0,6715572224
2024-01-26 16:17:56,After connectionMade,0.0,6715572224
2024-01-26 16:17:56,After connectionMade,0.0,6715572224
2024-01-26 16:17:56,After connectionMade,0.0,6715572224
2024-01-26 16:17:56,After connectionMade,0.0,6715572224
2024-01-26 16:17:56,After connectionMade,0.0,6715572224
2024-01-26 16:17:56,After connectionMade,0.0,6715572224
2024-01-26 16:17:56,After connectionMade,0.0,6715572224
2024-01-26 16:17:56,After connectionMade,0.0,6715572224
2024-01-26 16:17:56,After connectionMade,0.0,6715572224
2024-01-26 16:17:56,After connectionMade,0.0,6715572224
2024-01-26 16:17:56,After connectionMade,0.0,6715572224
2024-01-26 16:17:56,After connectionMade,0.0,6715572224
2024-01-26 16:17:56,After connectionMade,0.0,6715572224
2024-01-26 16:17:56,After connectionMade,0.0,6715572224
2024-01-26 16:17:56,After connectionMade,0.0,6715572224
2024-01-26 16:17:56,After connectionMade,0.0,6715572224
2024-01-26 16:17:56,After connectionMade,0.0,6715572224
2024-01-26 16:17:56,After connectionMade,0.0,6715572224
2024-01-26 16:17:56,After connectionMade,0.0,6715572224
2024-01-26 16:17:56,After connectionMade,0.0,6715572224
2024-01-26 16:17:56,After connectionMade,0.0,6715572224
2024-01-26 16:17:56,After connectionMade,0.0,6715572224
2024-01-26 16:17:56,After connectionMade,0.0,6715572224
2024-01-26 16:17:56,After connectionMade,0.0,6715572224
2024-01-26 16:17:56,After connectionMade,0.0,6715572224
2024-01-26 16:17:56,After connectionMade,0.0,6715572224
2024-01-26 16:17:56,After connectionMade,0.0,6715572224
2024-01-26 16:17:56,After connectionMade,0.0,6715572224
2024-01-26 16:17:56,After connectionMade,0.0,6715572224
2024-01-26 16:17:56,After connectionMade,0.0,6715572224
2024-01-26 16:17:56,After connectionMade,0.0,6715572224
2024-01-26 16:17:56,After connectionMade,0.0,6715572224
2024-01-26 16:17:56,After connectionMade,0.0,6715572224
2024-01-26 16:17:56,After connectionMade,0.0,6715572224
2024-01-26 16:17:56,After connectionMade,0.0,6715572224
2024-01-26 16:17:56,After connectionMade,0.0,6715572224
2024-01-26 16:17:56,After connectionMade,0.0,6715572224
2024-01-26 16:17:56,After connectionMade,0.0,6715572224
2024-01-26 16:17:56,After connectionMade,0.0,6715572224
2024-01-26 16:17:56,After connectionMade,0.0,6715572224
2024-01-26 16:17:57,After connectionMade,0.0,6715572224
2024-01-26 16:17:57,After connectionMade,0.0,6715572224
2024-01-26 16:17:57,After connectionMade,0.0,6715572224
2024-01-26 16:17:57,After connectionMade,0.0,6715572224
2024-01-26 16:17:57,After connectionMade,0.0,6715572224
2024-01-26 16:17:57,After connectionMade,0.0,6715572224
2024-01-26 16:17:57,After connectionMade,0.0,6715572224
2024-01-26 16:17:57,After connectionMade,0.0,6715572224
2024-01-26 16:17:57,After connectionMade,0.0,6715572224
2024-01-26 16:17:57,After connectionMade,0.0,6715572224
2024-01-26 16:17:57,After connectionMade,0.0,6715572224
2024-01-26 16:17:57,After connectionMade,0.0,6715572224
2024-01-26 16:17:57,After connectionMade,0.0,6715572224
2024-01-26 16:17:57,After connectionMade,0.0,6715572224
2024-01-26 16:17:57,After connectionMade,0.0,6715572224
2024-01-26 16:17:57,After connectionMade,0.0,6715572224
2024-01-26 16:17:57,After connectionMade,0.0,6715572224
2024-01-26 16:17:57,After connectionMade,0.0,6715572224
2024-01-26 16:17:57,After connectionMade,0.0,6715572224
2024-01-26 16:17:57,After connectionMade,0.0,6715572224
2024-01-26 16:17:57,After connectionMade,0.0,6715572224
2024-01-26 16:17:57,After connectionMade,0.0,6715572224
2024-01-26 16:17:57,After connectionMade,0.0,6715572224
2024-01-26 16:17:57,After connectionMade,0.0,6715572224
2024-01-26 16:17:57,After connectionMade,0.0,6715572224
2024-01-26 16:17:57,After connectionMade,0.0,6715572224
2024-01-26 16:17:57,After connectionMade,0.0,6715572224
2024-01-26 16:17:57,After connectionMade,0.0,6715572224
2024-01-26 16:17:57,After connectionMade,0.0,6715572224
2024-01-26 16:17:57,After connectionMade,0.0,6715572224
2024-01-26 16:17:57,After connectionMade,0.0,6715572224
2024-01-26 16:17:57,After connectionMade,0.0,6715572224
2024-01-26 16:17:57,After connectionMade,0.0,6715572224
2024-01-26 16:17:57,After connectionMade,0.0,6715572224
2024-01-26 16:17:57,After connectionMade,0.0,6715572224
2024-01-26 16:17:57,After connectionMade,0.0,6715572224
2024-01-26 16:17:57,After connectionMade,0.0,6715572224
2024-01-26 16:17:57,After connectionMade,0.0,6715572224
2024-01-26 16:17:57,After connectionMade,0.0,6715572224
2024-01-26 16:17:57,After connectionMade,0.0,6715572224
2024-01-26 16:17:57,After connectionMade,0.0,6715572224
2024-01-26 16:17:57,After connectionMade,0.0,6715572224
2024-01-26 16:17:57,After connectionMade,0.0,6715572224
2024-01-26 16:17:57,After connectionMade,0.0,6715572224
2024-01-26 16:17:57,After connectionMade,0.0,6715572224
2024-01-26 16:17:57,After connectionMade,0.0,6715572224
2024-01-26 16:17:57,After connectionMade,0.0,6715572224
2024-01-26 16:17:57,After connectionMade,0.0,6715572224
2024-01-26 16:17:57,After connectionMade,0.0,6715572224
2024-01-26 16:17:57,After connectionMade,0.0,6715572224
2024-01-26 16:17:57,After connectionMade,0.0,6715572224
2024-01-26 16:17:57,After connectionMade,0.0,6715572224
2024-01-26 16:17:57,After connectionMade,0.0,6715572224
2024-01-26 16:17:57,After connectionMade,0.0,6715572224
2024-01-26 16:17:57,After connectionMade,0.0,6715572224
2024-01-26 16:17:57,After connectionMade,0.0,6715572224
2024-01-26 16:17:57,After connectionMade,0.0,6715572224
2024-01-26 16:17:57,After connectionMade,0.0,6715572224
2024-01-26 16:17:57,After connectionMade,0.0,6715572224
2024-01-26 16:17:57,After connectionMade,0.0,6715572224
2024-01-26 16:17:57,After connectionMade,0.0,6715572224
2024-01-26 16:17:57,After connectionMade,0.0,6715572224
2024-01-26 16:17:57,After connectionMade,43.1,6738362368
2024-01-26 16:17:57,After connectionMade,0.0,6738362368
2024-01-26 16:17:57,After connectionMade,50.0,6738362368
2024-01-26 16:17:57,After connectionMade,0.0,6738362368
2024-01-26 16:17:57,After connectionMade,0.0,6738378752
2024-01-26 16:17:57,After connectionMade,0.0,6738378752
2024-01-26 16:17:57,After connectionMade,0.0,6738395136
2024-01-26 16:17:57,After connectionMade,0.0,6738427904
2024-01-26 16:17:57,After connectionMade,0.0,6738526208
2024-01-26 16:17:57,After connectionMade,0.0,6738526208
2024-01-26 16:17:57,After connectionMade,0.0,6738526208
2024-01-26 16:17:57,After connectionMade,0.0,6738526208
2024-01-26 16:17:57,After connectionMade,0.0,6738526208
2024-01-26 16:17:57,After connectionMade,0.0,6738526208
2024-01-26 16:17:57,After connectionMade,0.0,6738526208
2024-01-26 16:17:57,After connectionMade,0.0,6738526208
2024-01-26 16:17:57,After connectionMade,0.0,6738526208
2024-01-26 16:17:57,After connectionMade,0.0,6738526208
2024-01-26 16:17:57,After connectionMade,0.0,6738526208
2024-01-26 16:17:57,After connectionMade,0.0,6738526208
2024-01-26 16:17:57,After connectionMade,0.0,6738526208
2024-01-26 16:17:57,After connectionMade,0.0,6738526208
2024-01-26 16:17:57,After connectionMade,0.0,6738526208
2024-01-26 16:17:57,After connectionMade,0.0,6738526208
2024-01-26 16:17:57,After connectionMade,0.0,6738526208
2024-01-26 16:17:57,After connectionMade,0.0,6738526208
2024-01-26 16:17:57,After connectionMade,0.0,6738526208
2024-01-26 16:17:57,After connectionMade,0.0,6738526208
2024-01-26 16:17:57,After connectionMade,0.0,6738526208
2024-01-26 16:17:57,After connectionMade,0.0,6738526208
2024-01-26 16:17:57,After connectionMade,0.0,6738526208
2024-01-26 16:17:57,After connectionMade,0.0,6738526208
2024-01-26 16:17:57,After connectionMade,0.0,6738526208
2024-01-26 16:17:57,After connectionMade,0.0,6738526208
2024-01-26 16:17:57,After connectionMade,0.0,6738526208
2024-01-26 16:17:57,After connectionMade,0.0,6738526208
2024-01-26 16:17:57,After connectionMade,0.0,6738526208
2024-01-26 16:17:57,After connectionMade,0.0,6738526208
2024-01-26 16:17:57,After connectionMade,0.0,6738526208
2024-01-26 16:17:57,After connectionMade,0.0,6738526208
2024-01-26 16:17:57,After connectionMade,0.0,6738526208
2024-01-26 16:17:57,After connectionMade,0.0,6738526208
2024-01-26 16:17:57,After connectionMade,0.0,6738526208
2024-01-26 16:17:57,After connectionMade,0.0,6738526208
2024-01-26 16:17:57,After connectionMade,0.0,6738526208
2024-01-26 16:17:57,After connectionMade,0.0,6738526208
2024-01-26 16:17:57,After connectionMade,0.0,6738526208
2024-01-26 16:17:57,After connectionMade,0.0,6738526208
2024-01-26 16:17:57,After connectionMade,0.0,6738526208
2024-01-26 16:17:57,After connectionMade,0.0,6738526208
2024-01-26 16:17:57,After connectionMade,0.0,6738526208
2024-01-26 16:17:57,After connectionMade,0.0,6738526208
2024-01-26 16:17:57,After connectionMade,0.0,6738526208
2024-01-26 16:17:57,After connectionMade,0.0,6738526208
2024-01-26 16:17:58,communicationWithDS401,0.0,6738526208
2024-01-26 16:17:58,communicationWithDS401,0.0,6738526208
2024-01-26 16:17:58,communicationWithDS401,0.0,6738526208
2024-01-26 16:17:58,communicationWithDS401,0.0,6738526208
2024-01-26 16:17:58,communicationWithDS401,0.0,6738526208
2024-01-26 16:17:58,communicationWithDS401,0.0,6738526208
2024-01-26 16:17:58,communicationWithDS401,0.0,6738526208
2024-01-26 16:17:58,communicationWithDS401,0.0,6738526208
2024-01-26 16:17:58,communicationWithDS401,0.0,6738526208
2024-01-26 16:17:58,communicationWithDS401,0.0,6738526208
2024-01-26 16:17:58,communicationWithDS401,0.0,6738526208
2024-01-26 16:17:58,communicationWithDS401,0.0,6738526208
2024-01-26 16:17:58,communicationWithDS401,0.0,6738526208
2024-01-26 16:17:58,communicationWithDS401,0.0,6738526208
2024-01-26 16:17:58,communicationWithDS401,0.0,6738526208
2024-01-26 16:17:58,communicationWithDS401,0.0,6738526208
2024-01-26 16:17:58,communicationWithDS401,0.0,6738526208
2024-01-26 16:17:58,communicationWithDS401,0.0,6738526208
2024-01-26 16:17:58,communicationWithDS401,0.0,6738526208
2024-01-26 16:17:58,communicationWithDS401,0.0,6738526208
2024-01-26 16:17:58,communicationWithDS401,0.0,6738526208
2024-01-26 16:17:58,communicationWithDS401,0.0,6738526208
2024-01-26 16:17:58,communicationWithDS401,0.0,6738526208
2024-01-26 16:17:58,communicationWithDS401,0.0,6738526208
2024-01-26 16:17:58,communicationWithDS401,0.0,6738526208
2024-01-26 16:17:58,communicationWithDS401,0.0,6738526208
2024-01-26 16:17:58,communicationWithDS401,0.0,6738526208
2024-01-26 16:17:58,communicationWithDS401,0.0,6738526208
2024-01-26 16:17:58,communicationWithDS401,0.0,6738526208
2024-01-26 16:17:58,communicationWithDS401,0.0,6738526208
2024-01-26 16:17:58,communicationWithDS401,0.0,6738526208
2024-01-26 16:17:58,communicationWithDS401,0.0,6738526208
2024-01-26 16:17:58,communicationWithDS401,0.0,6738526208
2024-01-26 16:17:58,communicationWithDS401,0.0,6738526208
2024-01-26 16:17:58,communicationWithDS401,0.0,6738526208
2024-01-26 16:17:58,communicationWithDS401,0.0,6738526208
2024-01-26 16:17:58,communicationWithDS401,0.0,6738526208
2024-01-26 16:17:58,communicationWithDS401,0.0,6738526208
2024-01-26 16:17:58,communicationWithDS401,0.0,6738526208
2024-01-26 16:17:58,communicationWithDS401,0.0,6738526208
2024-01-26 16:17:58,communicationWithDS401,0.0,6738526208
2024-01-26 16:17:58,communicationWithDS401,0.0,6738526208
2024-01-26 16:17:58,communicationWithDS401,0.0,6738526208
2024-01-26 16:17:58,communicationWithDS401,0.0,6738526208
2024-01-26 16:17:58,communicationWithDS401,0.0,6738526208
2024-01-26 16:17:58,communicationWithDS401,0.0,6738526208
2024-01-26 16:17:58,communicationWithDS401,0.0,6738526208
2024-01-26 16:17:58,communicationWithDS401,0.0,6738526208
2024-01-26 16:17:58,communicationWithDS401,0.0,6738526208
2024-01-26 16:17:58,communicationWithDS401,0.0,6738526208
2024-01-26 16:17:58,communicationWithDS401,0.0,6738526208
2024-01-26 16:17:58,communicationWithDS401,0.0,6738526208
2024-01-26 16:17:58,communicationWithDS401,0.0,6738526208
